0.0,19:37:25.516849
0.0,19:37:25.839488
0.0,19:37:26.157499
0.0,19:37:26.475389
0.0,19:37:26.798376
0.0,19:37:27.117780
0.0,19:37:27.441352
0.0,19:37:27.778163
0.0,19:37:28.105523
0.0,19:37:28.427439
0.0,19:37:28.784873
0.0,19:37:29.133552
0.0,19:37:29.476621
0.0,19:37:29.817267
0.0,19:37:30.159882
0.0,19:37:30.493370
0.0,19:37:30.819001
0.0,19:37:31.152531
0.0,19:37:31.487324
0.0,19:37:31.825026
0.0,19:37:32.160656
0.0,19:37:32.488099
0.0,19:37:32.833403
0.0,19:37:33.177235
0.0,19:37:33.523044
0.0,19:37:33.859145
0.0,19:37:34.227158
0.0,19:37:34.593735
0.0,19:38:11.457481
0.0,19:38:11.767094
0.0,19:38:12.105911
0.0,19:38:12.440671
0.0,19:38:12.781243
0.0,19:38:13.128281
0.0,19:38:13.472787
0.0,19:38:13.811007
0.0,19:38:14.155369
0.0,19:38:14.489258
0.0,19:38:14.836065
0.0,19:38:15.180537
0.0,19:38:15.533343
0.0,19:38:15.882883
0.0,19:38:16.250136
0.0,19:38:16.604301
0.0,19:38:16.961249
0.0,19:38:17.312409
0.0,19:38:17.669843
0.0,19:38:18.036968
0.0,19:38:18.388662
0.0,19:38:18.741990
0.0,19:38:19.102794
0.0,19:38:19.500669
0.0,19:38:19.831945
0.0,19:38:20.162004
0.0,19:38:20.506917
0.0,19:38:20.828563
0.0,19:38:21.150236
0.0,19:38:21.489506
0.0,19:38:21.825615
0.0,19:38:22.194690
0.0,19:38:22.568394
0.0,19:39:19.195471
0.0,19:39:19.526555
0.0,19:39:19.858043
0.0,19:39:20.183990
0.0,19:39:20.500440
0.0,19:39:20.838044
0.0,19:39:21.187405
0.0,19:39:21.516906
0.0,19:39:21.849275
0.0,19:39:22.169365
0.0,19:39:22.493196
0.0,19:39:22.811941
0.0,19:39:23.172709
0.0,19:39:23.537319
0.0,19:39:23.862024
0.0,19:39:24.185773
0.0,19:39:24.530585
0.0,19:39:24.864381
0.0,19:39:25.216434
0.0,19:39:25.555354
0.0,19:39:25.875046
0.0,19:39:26.199737
0.0,19:39:26.524355
0.0,19:39:26.862401
0.0,19:39:27.199377
0.0,19:39:27.522682
0.0,19:39:27.863294
0.0,19:39:28.205732
0.0,19:39:28.526270
0.0,19:39:28.893665
0.0,19:39:29.206082
0.0,19:39:29.536519
0.0,19:39:29.864473
0.0,19:39:30.202770
0.0,19:39:30.532044
0.0,19:39:30.863895
0.0,19:39:31.208170
0.0,19:39:31.553536
0.0,19:39:31.897237
0.0,19:39:32.246260
0.0,19:39:32.568816
0.0,19:39:32.897536
0.0,19:39:33.248488
0.0,19:39:33.571227
0.3,19:39:33.914319
5.6,19:39:34.235785
7.833333333333333,19:39:34.566988
8.0,19:39:34.888325
8.0,19:39:35.247434
8.0,19:39:35.570302
8.0,19:39:35.895572
7.966666666666667,19:39:36.219236
1.6,19:39:36.565092
0.0,19:39:36.896464
0.0,19:39:37.218302
0.0,19:39:37.541112
0.03333333333333333,19:39:37.872420
0.0,19:39:38.194662
0.0,19:39:38.535145
0.0,19:39:38.856193
0.0,19:39:39.186988
0.0,19:39:39.537236
0.0,19:39:39.865249
0.2,19:39:40.199332
5.6,19:39:40.533686
2.433333333333333,19:39:40.850849
0.0,19:39:41.173172
1.2,19:39:41.495533
2.6666666666666665,19:39:41.820179
2.533333333333333,19:39:42.163028
0.7,19:39:42.489584
0.0,19:39:42.818114
0.0,19:39:43.143420
0.0,19:39:43.467229
0.0,19:39:43.795747
0.0,19:39:44.118843
0.0,19:39:44.447385
0.0,19:39:44.772554
0.0,19:39:45.093442
0.0,19:39:45.417326
0.13333333333333333,19:39:45.742097
3.6,19:39:46.066831
3.7,19:39:46.392369
7.066666666666666,19:39:46.711111
8.0,19:39:47.030546
7.266666666666667,19:39:47.367543
7.0,19:39:47.716405
7.666666666666667,19:39:48.065145
7.233333333333333,19:39:48.410911
7.0,19:39:48.744507
7.366666666666666,19:39:49.095582
6.833333333333333,19:39:49.417831
7.0,19:39:49.747778
7.966666666666667,19:39:50.099538
7.933333333333334,19:39:50.430842
7.6,19:39:50.762449
7.6,19:39:51.117315
7.0,19:39:51.461074
7.9,19:39:51.787262
7.933333333333334,19:39:52.134218
6.866666666666666,19:39:52.466090
5.333333333333333,19:39:52.802212
6.366666666666666,19:39:53.120885
8.0,19:39:53.459877
8.0,19:39:53.783495
7.566666666666666,19:39:54.140020
7.0,19:39:54.516143
6.966666666666667,19:39:54.874922
7.366666666666666,19:39:55.256553
8.0,19:39:55.628573
8.0,19:39:55.987625
8.0,19:39:56.369303
8.0,19:39:56.722740
8.0,19:39:57.064851
8.0,19:39:57.416257
8.0,19:39:57.744487
8.0,19:39:58.084460
8.0,19:39:58.423632
8.0,19:39:58.768321
8.0,19:39:59.123154
8.0,19:39:59.462013
8.0,19:39:59.795166
7.833333333333333,19:40:00.138232
7.666666666666667,19:40:00.467681
8.0,19:40:00.802749
8.0,19:40:01.140671
8.0,19:40:01.484091
8.0,19:40:01.817317
8.0,19:40:02.167484
8.0,19:40:02.485350
8.0,19:40:02.837951
8.0,19:40:03.204135
8.0,19:40:03.545632
8.0,19:40:03.877211
8.0,19:40:04.220883
8.0,19:40:04.566062
8.0,19:40:04.902545
8.0,19:40:05.252797
8.0,19:40:05.602130
8.0,19:40:05.977497
8.0,19:40:06.305243
8.0,19:40:06.633874
8.0,19:40:06.971122
8.0,19:40:07.306879
8.0,19:40:07.642466
7.1,19:40:07.982957
6.033333333333333,19:40:08.327464
8.0,19:40:08.656247
5.366666666666666,19:40:08.986780
5.533333333333333,19:40:09.317742
7.433333333333334,19:40:09.671064
8.0,19:40:10.011932
8.0,19:40:10.344319
8.0,19:40:10.715912
8.0,19:40:11.072133
8.0,19:40:11.407276
8.0,19:40:11.744936
8.0,19:40:12.081896
8.0,19:40:12.434810
8.0,19:40:12.771157
8.0,19:40:13.109392
8.0,19:40:13.455312
8.0,19:40:13.784971
6.666666666666667,19:40:14.162549
7.2,19:40:14.536498
8.0,19:40:14.872008
8.0,19:40:15.200513
8.0,19:40:15.553734
8.0,19:40:15.893731
8.0,19:40:16.232033
8.0,19:40:16.661352
8.0,19:40:17.041100
8.0,19:40:17.381981
7.9,19:40:17.718176
8.0,19:40:18.057850
8.0,19:40:18.385320
8.0,19:40:18.739685
7.633333333333334,19:40:19.090804
7.0,19:40:19.433786
7.0,19:40:19.768995
7.0,19:40:20.127240
7.0,19:40:20.466561
6.266666666666667,19:40:20.794032
5.766666666666667,19:40:21.140909
6.0,19:40:21.504430
5.966666666666667,19:40:21.820388
6.0,19:40:22.135583
5.8,19:40:22.478802
5.066666666666666,19:40:22.815557
4.366666666666666,19:40:23.171025
3.7666666666666666,19:40:23.508729
3.6333333333333333,19:40:23.857499
4.0,19:40:24.200803
4.0,19:40:24.524462
4.0,19:40:24.855772
4.0,19:40:25.185703
4.0,19:40:25.549423
4.0,19:40:25.906601
3.3333333333333335,19:40:26.234197
3.0,19:40:26.600647
3.7333333333333334,19:40:26.934929
4.333333333333333,19:40:27.288076
4.7,19:40:27.634621
5.0,19:40:28.007582
5.666666666666667,19:40:28.371452
6.0,19:40:28.715806
6.0,19:40:29.071252
5.9,19:40:29.410915
6.0,19:40:29.732896
6.0,19:40:30.059357
5.533333333333333,19:40:30.402771
5.366666666666666,19:40:30.738666
5.033333333333333,19:40:31.081221
5.233333333333333,19:40:31.407997
5.8,19:40:31.735410
6.8,19:40:32.084162
4.366666666666666,19:40:32.408188
1.4333333333333333,19:40:32.732126
0.0,19:40:33.061399
0.16666666666666666,19:40:33.399629
0.1,19:40:33.720791
0.0,19:40:34.041940
0.0,19:40:34.367890
0.0,19:40:34.716882
0.0,19:40:35.038649
0.0,19:40:35.364078
0.0,19:40:35.691583
0.0,19:40:36.029101
0.0,19:40:36.349762
0.0,19:40:36.672767
0.0,19:40:36.998879
0.0,19:40:37.344943
0.0,19:40:37.669144
0.0,19:40:38.014356
0.0,19:40:38.371782
0.0,19:40:38.736369
0.0,19:40:39.090212
0.0,19:40:39.427155
0.0,19:40:39.757189
0.0,19:40:40.087383
0.0,19:40:40.412246
0.0,19:40:40.736636
0.0,19:40:41.060455
0.0,19:40:41.385722
0.0,19:40:41.740849
0.0,19:40:42.087563
0.0,19:40:42.413454
0.0,19:40:42.738245
0.0,19:40:43.078437
0.0,19:40:43.422580
0.0,19:40:43.763813
0.0,19:40:44.103989
0.0,19:40:44.454553
0.0,19:40:44.801487
0.0,19:40:45.147814
0.0,19:40:45.479855
0.0,19:40:45.826493
0.0,19:40:46.171591
0.0,19:40:46.512152
0.0,19:40:46.853656
0.0,19:40:47.203695
0.0,19:40:47.546185
0.0,19:40:47.888460
0.0,19:40:48.228725
0.0,19:40:48.575926
0.0,19:40:48.916248
0.0,19:40:49.266421
0.0,19:40:49.621072
0.0,19:40:49.967185
0.0,19:40:50.288787
0.0,19:40:50.605236
0.0,19:40:50.920470
0.0,19:40:51.241743
0.0,19:40:51.571771
0.0,19:40:51.908683
0.0,19:40:52.230587
0.0,19:40:52.560003
0.0,19:40:52.917921
0.0,19:40:53.245864
0.0,19:40:53.584629
0.0,19:40:53.930520
0.0,19:40:54.271995
0.0,19:40:54.628123
0.0,19:40:54.959301
0.0,19:40:55.310971
0.0,19:40:55.653873
0.0,19:40:56.013598
0.0,19:40:56.352505
0.0,19:40:56.673270
0.0,19:40:57.001625
0.0,19:40:57.330622
0.0,19:40:57.672674
0.0,19:40:57.997879
0.0,19:40:58.331729
0.0,19:40:58.678983
0.0,19:40:59.051074
0.0,19:40:59.386909
0.0,19:40:59.737600
0.0,19:41:00.085532
0.0,19:41:00.437185
0.0,19:41:00.791863
0.0,19:41:01.158165
0.0,19:41:01.540017
0.0,19:41:01.905136
0.0,19:41:02.249828
0.0,19:41:02.579763
0.0,19:41:02.926244
0.0,19:41:03.257978
0.0,19:41:03.585341
0.0,19:41:03.938141
0.0,19:41:04.262919
0.0,19:41:04.599421
0.0,19:41:04.946480
0.0,19:41:05.292243
0.0,19:41:05.618832
0.0,19:41:05.943794
0.0,19:41:06.273624
0.0,19:41:06.603118
0.0,19:41:06.942086
0.0,19:41:07.271480
0.0,19:41:07.623015
0.0,19:41:07.976715
0.0,19:41:08.327370
0.0,19:41:08.652374
0.0,19:41:08.977600
0.0,19:41:09.435250
0.0,19:41:09.752226
0.0,19:41:10.098451
0.0,19:41:10.450240
0.0,19:41:10.789941
0.0,19:41:11.121331
0.0,19:41:11.452887
0.0,19:41:11.792164
0.0,19:41:12.115729
0.0,19:41:12.467029
0.0,19:41:12.808778
0.0,19:41:13.192590
0.0,19:41:13.545677
0.0,19:41:13.902117
0.0,19:41:14.228052
0.0,19:41:14.565647
0.0,19:41:14.910915
0.0,19:41:15.237013
0.0,19:41:15.568209
0.0,19:41:15.907527
0.0,19:41:16.254928
0.0,19:41:16.595036
0.0,19:41:16.946791
0.0,19:41:17.264094
0.0,19:41:17.591254
0.0,19:41:17.927153
0.0,19:41:18.262644
0.0,19:41:18.598861
0.0,19:41:18.932521
0.0,19:41:19.284187
0.0,19:41:19.636063
0.0,19:41:19.981173
0.0,19:41:20.328543
0.0,19:41:20.666151
0.0,19:41:21.018685
0.0,19:41:21.360264
0.0,19:41:21.683043
0.0,19:41:22.012293
0.0,19:41:22.340834
0.0,19:41:22.687162
0.0,19:41:23.016661
0.0,19:41:23.378584
0.0,19:41:23.747409
0.0,19:41:24.111909
0.0,19:41:24.455234
0.0,19:41:24.790087
0.0,19:41:25.198531
0.0,19:41:25.539007
0.0,19:41:25.949321
0.0,19:41:26.293715
0.0,19:41:26.650159
0.3,19:41:26.993271
1.3666666666666667,19:41:27.312072
2.0,19:41:27.640624
2.0,19:41:27.981804
2.0,19:41:28.329921
2.0,19:41:28.683447
2.0,19:41:29.042493
2.0,19:41:29.366342
2.0,19:41:29.685754
2.0,19:41:30.002651
2.0,19:41:30.329065
2.0,19:41:30.674497
2.0,19:41:31.015731
2.0,19:41:31.350192
2.0,19:41:31.677597
2.0,19:41:32.041004
2.0,19:41:32.389916
2.0,19:41:32.733211
2.0,19:41:33.090729
2.0,19:41:33.406558
2.0,19:41:33.727912
2.0,19:41:34.051783
2.0,19:41:34.372013
2.0,19:41:34.702307
2.0,19:41:35.048873
2.0,19:41:35.400307
2.0,19:41:35.743025
2.0,19:41:36.077547
2.0,19:41:36.425837
1.8,19:41:36.829505
0.4,19:41:37.165299
0.0,19:41:37.495329
0.0,19:41:37.842708
0.0,19:41:38.169552
0.0,19:41:38.498632
0.0,19:41:38.848682
0.0,19:41:39.194130
0.0,19:41:39.549458
0.0,19:41:39.903855
0.0,19:41:40.259161
0.0,19:41:40.616147
0.0,19:41:40.969942
0.0,19:41:41.323972
0.0,19:41:41.663366
0.0,19:41:41.996258
0.0,19:41:42.337903
0.0,19:41:42.675361
0.0,19:41:42.994095
0.0,19:41:43.312688
0.0,19:41:43.656433
0.0,19:41:43.992232
0.0,19:41:44.325979
0.0,19:41:44.653234
0.0,19:41:45.011454
0.0,19:41:45.364688
0.0,19:41:45.723418
0.0,19:41:46.079581
0.0,19:41:46.436472
0.0,19:41:46.783488
0.0,19:41:47.111772
0.0,19:41:47.459092
0.0,19:41:47.806956
0.0,19:41:48.160343
0.0,19:41:48.489281
0.0,19:41:48.819568
0.0,19:41:49.168279
0.0,19:41:49.515590
0.0,19:41:49.858498
0.0,19:41:50.197923
0.0,19:41:50.529760
0.0,19:41:50.880767
0.0,19:41:51.216665
0.0,19:41:51.574441
0.0,19:41:51.919043
0.0,19:41:52.261557
0.0,19:41:52.628670
0.0,19:41:52.985234
0.0,19:41:53.344106
0.0,19:41:53.697303
0.0,19:41:54.023070
0.0,19:41:54.351360
0.0,19:41:54.713237
0.0,19:41:55.059002
0.0,19:41:55.391594
0.0,19:43:27.848008
0.0,19:43:28.159719
0.0,19:43:28.495452
0.0,19:43:28.829759
0.0,19:43:29.164237
0.0,19:43:29.500319
0.0,19:43:29.835088
0.0,19:43:30.169792
0.0,19:43:30.502310
0.0,19:43:30.829824
0.0,19:43:31.166034
0.0,19:43:31.515997
0.0,19:43:31.869535
0.0,19:43:32.215536
0.0,19:43:32.562130
0.0,19:43:32.910470
0.0,19:43:33.234219
0.0,19:43:33.569326
0.0,19:43:33.910338
0.0,19:43:34.230853
0.0,19:43:34.557831
0.0,19:43:34.877785
0.0,19:43:35.201252
0.0,19:43:35.521322
0.0,19:43:35.842273
0.0,19:43:36.164591
0.0,19:43:36.508246
0.0,19:43:36.821839
0.0,19:43:37.147213
0.0,19:43:37.472862
0.0,19:43:37.794089
0.0,19:43:38.898883
0.0,19:43:39.199979
0.2,19:43:39.526923
1.2,19:43:39.851830
0.0,19:43:40.180446
0.0,19:43:40.503747
0.0,19:43:40.827598
0.0,19:43:41.155848
1.0,19:43:41.482404
1.5,19:43:41.806845
3.3666666666666667,19:43:42.150508
4.966666666666667,19:43:42.505534
6.033333333333333,19:43:42.859828
7.533333333333333,19:43:43.206321
7.133333333333334,19:43:43.544867
7.3,19:43:43.897656
7.0,19:43:44.248614
7.0,19:43:44.572964
7.0,19:43:44.909540
7.0,19:43:45.238599
7.0,19:43:45.567757
7.0,19:43:45.895247
7.0,19:43:46.216846
7.0,19:43:46.541564
7.0,19:43:46.870621
7.0,19:43:47.187417
7.0,19:43:47.512798
7.0,19:43:47.831874
7.0,19:43:48.149391
6.166666666666667,19:43:48.508512
5.033333333333333,19:43:48.859228
3.8333333333333335,19:43:49.201003
5.933333333333334,19:43:49.529358
6.0,19:43:49.870503
6.066666666666666,19:43:50.229466
6.2,19:43:50.587801
7.0,19:43:50.933518
7.0,19:43:51.300518
7.0,19:43:51.637106
7.866666666666666,19:43:51.996666
8.0,19:43:52.363833
8.0,19:43:52.693460
8.0,19:43:53.059086
8.0,19:43:53.403307
8.0,19:43:53.758579
7.966666666666667,19:43:54.116870
7.433333333333334,19:43:54.463446
7.9,19:43:54.826418
6.266666666666667,19:43:55.176546
7.066666666666666,19:43:55.506337
8.0,19:43:55.862567
7.666666666666667,19:43:56.242121
7.3,19:43:56.597227
7.966666666666667,19:43:56.950472
7.466666666666667,19:43:57.331763
7.366666666666666,19:43:57.685427
7.233333333333333,19:43:58.056205
7.433333333333334,19:43:58.443312
5.9,19:43:58.797582
7.666666666666667,19:43:59.195926
8.0,19:43:59.538528
7.533333333333333,19:43:59.895486
7.0,19:44:00.230719
7.0,19:44:00.569405
7.0,19:44:00.903804
7.0,19:44:01.274935
7.0,19:44:01.620975
7.0,19:44:01.957745
7.0,19:44:02.303609
7.0,19:44:02.627349
7.0,19:44:02.960538
7.0,19:44:04.368605
15.6,19:44:04.715806
8.0,19:44:05.058892
7.0,19:44:05.406520
3.8666666666666667,19:44:05.771098
4.0,19:44:06.117684
4.766666666666667,19:44:06.443647
5.0,19:44:06.777573
5.0,19:44:07.126246
5.0,19:44:07.459311
4.9,19:44:07.812173
2.1,19:44:08.138069
4.566666666666666,19:44:08.492683
8.0,19:44:08.826409
8.0,19:44:09.157001
8.766666666666667,19:44:09.514333
8.966666666666667,19:44:09.854270
8.6,19:44:10.175894
9.0,19:44:10.528140
8.966666666666667,19:44:10.859083
8.466666666666667,19:44:11.203045
0.6,19:44:11.540683
0.9333333333333333,19:44:11.897815
0.03333333333333333,19:44:12.207035
0.0,19:44:12.524552
0.0,19:44:12.866803
0.0,19:44:13.206883
0.0,19:44:13.523027
0.0,19:44:13.871855
0.0,19:44:14.218879
0.0,19:44:14.586092
0.0,19:44:14.918078
0.0,19:44:15.248611
0.0,19:44:15.596025
0.0,19:44:15.943441
0.0,19:44:16.286281
0.0,19:44:16.632134
0.0,19:44:16.947015
0.0,19:44:17.277961
0.0,19:44:17.602240
0.0,19:44:17.932130
0.0,19:44:18.282138
0.0,19:44:18.638671
0.0,19:44:18.985317
0.0,19:44:19.333772
0.0,19:44:19.714931
0.0,19:44:20.048621
0.0,19:44:20.375159
0.0,19:44:20.694562
0.0,19:44:21.028803
0.0,19:44:21.351743
0.0,19:44:21.671216
0.0,19:44:21.997182
0.0,19:44:22.321030
0.0,19:44:22.645236
0.0,19:44:22.970033
0.0,19:44:23.292928
0.0,19:44:23.620035
0.0,19:44:23.953610
0.0,19:44:24.281106
0.0,19:44:24.607513
0.0,19:44:24.941513
0.0,19:44:25.279073
0.0,12:49:55.003875
0.0,12:49:55.314201
0.0,12:49:55.637114
0.0,12:49:55.953184
0.0,12:49:56.271046
0.0,12:49:56.588165
0.0,12:49:56.905128
0.0,12:49:57.228558
0.0,12:49:57.560432
0.0,12:49:57.901401
0.0,12:49:58.252653
0.2,12:49:58.604425
5.533333333333333,12:49:58.957194
2.2333333333333334,12:49:59.308532
2.3,12:49:59.658426
2.3666666666666667,12:50:00.009699
5.0,12:50:00.370031
5.0,12:50:00.718064
5.733333333333333,12:50:01.074917
7.1,12:50:01.413493
7.766666666666667,12:50:01.762906
7.2,12:50:02.094868
6.133333333333334,12:50:02.823006
6.066666666666666,12:50:03.117526
6.866666666666666,12:50:03.435415
6.9,12:50:03.772151
4.9,12:50:04.108848
5.266666666666667,12:50:04.444842
5.733333333333333,12:50:04.792390
5.666666666666667,12:50:05.131922
0.8666666666666667,12:50:05.472810
0.0,12:50:05.792205
2.0,12:50:06.114478
5.033333333333333,12:50:06.434073
3.1666666666666665,12:50:06.769060
5.4,12:50:07.103470
6.1,12:50:07.441213
6.766666666666667,12:50:07.766383
5.733333333333333,12:50:08.103933
1.2666666666666666,12:50:08.439216
0.13333333333333333,12:50:08.777590
0.0,12:50:09.114441
0.0,12:50:09.450680
0.0,12:50:09.788025
0.0,12:50:10.125352
0.0,17:55:11.894936
0.0,17:55:12.209999
0.0,17:55:12.527023
0.0,17:55:12.852026
0.0,17:55:13.169447
0.0,17:55:13.485192
0.0,17:55:13.802462
0.0,17:55:14.119763
0.0,17:55:14.434970
0.0,17:55:14.750437
0.0,17:55:15.073158
0.0,17:55:15.397142
0.0,17:55:15.719670
0.0,17:55:16.033937
0.0,17:55:16.351551
0.0,17:55:16.667391
0.0,17:55:16.984574
0.0,17:55:17.303594
0.0,17:55:17.620786
0.0,17:55:17.940503
0.0,17:55:18.262598
0.0,17:55:18.574892
0.0,17:55:18.899366
0.0,17:55:19.225383
0.0,17:55:19.551472
0.0,17:55:19.883226
0.0,17:55:20.209724
0.0,17:55:20.530212
0.0,17:55:20.854631
0.0,17:55:21.177899
0.0,17:55:21.503671
0.0,17:55:21.832990
0.0,17:55:22.148064
0.0,17:55:22.465583
0.0,17:55:22.783951
0.0,17:55:23.099967
0.0,17:55:23.421615
0.0,17:55:23.738519
0.0,17:55:24.056850
0.0,17:55:24.379473
0.0,17:55:24.696274
0.0,17:55:25.013857
0.0,17:55:25.351450
0.0,17:55:25.690012
0.0,17:55:26.021113
0.0,17:55:26.370567
0.0,17:55:26.694483
0.0,17:55:27.025399
0.0,17:55:27.358982
0.0,17:55:27.692686
0.0,17:56:02.899926
0.0,17:56:03.228816
0.0,17:56:03.565871
0.0,17:56:03.902345
2.4,17:56:04.234454
4.066666666666666,17:56:04.561339
5.533333333333333,17:56:04.895488
5.066666666666666,17:56:05.221275
4.666666666666667,17:56:05.548942
5.3,17:56:05.873384
4.733333333333333,17:56:06.200108
6.0,17:56:06.522485
5.466666666666667,17:56:06.846575
5.8,17:56:07.172148
4.0,17:56:07.509231
1.8666666666666667,17:56:07.839006
1.9333333333333333,17:56:08.166088
1.8,17:56:08.502657
3.0,17:56:08.838398
4.766666666666667,17:56:09.176336
5.866666666666666,17:56:09.513989
5.733333333333333,17:56:09.850069
6.1,17:56:10.187171
6.233333333333333,17:56:10.521464
6.4,17:56:10.858333
6.233333333333333,17:56:11.195390
6.166666666666667,17:56:11.529401
0.0,16:01:06.475643
0.0,16:01:06.776357
0.0,16:01:07.091098
0.0,16:01:07.406718
0.0,16:01:07.720904
0.0,16:01:08.029368
0.0,16:01:08.355144
0.0,16:01:08.663547
0.0,16:01:08.971909
0.0,16:01:09.293732
0.0,16:01:09.599752
0.0,16:01:09.905953
0.0,16:01:10.221943
0.0,16:01:10.535558
0.0,16:01:10.853675
0.0,16:01:11.159987
0.0,16:01:11.479320
0.0,16:01:11.792511
0.0,16:01:12.099550
0.0,16:01:12.416193
0.0,16:01:12.748676
0.0,16:01:13.063567
0.0,16:01:13.382547
0.0,16:01:13.712683
0.0,16:01:14.023343
0.0,16:01:14.329578
0.0,16:01:14.649932
0.0,16:01:14.955178
0.0,16:01:15.263168
0.0,16:01:15.581615
0.0,16:01:15.899486
0.0,16:01:16.207959
0.0,16:01:16.525632
0.0,16:01:16.835302
0.0,16:01:17.151507
0.0,16:01:17.474280
0.0,16:01:17.809476
0.0,16:01:18.127533
0.0,16:01:18.445083
0.0,16:01:18.767967
0.0,16:01:19.075071
0.0,16:01:19.380697
0.0,16:01:19.693229
0.0,16:01:20.005198
0.0,16:01:20.315736
0.0,16:01:20.630656
0.0,16:01:20.942618
0.0,16:01:21.258532
0.0,16:01:21.570506
0.0,16:01:21.890374
0.0,16:01:22.220179
0.0,16:01:22.527117
0.0,16:01:22.837702
0.0,16:01:23.156702
0.0,16:01:23.465253
0.0,16:01:23.775492
0.0,16:01:24.119409
0.0,16:01:24.432311
0.0,16:01:24.748910
0.0,16:01:25.064128
0.0,16:01:25.381436
0.0,16:01:25.686175
0.0,16:01:25.992911
0.0,16:01:26.306255
0.0,16:01:26.623365
0.0,16:01:26.944934
0.0,16:01:27.264726
0.0,16:01:27.585496
0.0,16:01:27.914212
0.0,16:01:28.225647
0.0,16:01:28.532209
0.0,16:01:28.843409
0.0,16:01:29.152066
0.0,16:01:29.459457
0.0,16:01:29.770770
0.0,16:01:30.083874
0.0,16:01:30.393769
0.0,16:01:30.699335
0.0,16:01:31.011425
0.0,16:01:31.342429
0.0,16:01:31.664428
0.0,16:01:31.971883
0.0,16:01:32.283165
0.0,16:01:32.593665
0.0,16:01:32.901977
0.0,16:01:33.229166
0.0,16:01:33.534981
0.0,16:01:33.841525
0.0,16:01:34.173686
0.0,16:01:34.517172
0.0,16:01:34.830436
0.0,16:01:35.137130
0.0,16:01:35.466815
0.0,16:01:35.810757
0.0,16:01:36.137292
0.0,16:01:36.455173
0.0,16:01:36.766261
0.0,16:01:37.075423
0.0,16:01:37.381706
0.0,16:01:37.699258
0.0,16:01:38.009843
0.0,16:01:38.321424
0.0,16:01:38.637547
0.0,16:01:38.943356
0.0,16:01:39.250036
0.0,16:01:39.560254
0.0,16:01:39.865535
0.0,16:01:40.177648
0.0,16:01:40.486196
0.0,16:01:40.792439
0.0,16:01:41.115390
0.0,16:01:41.443630
0.0,16:01:41.751690
0.0,16:01:42.059127
0.0,16:01:42.370060
0.0,16:01:42.676972
0.0,16:01:42.987612
0.0,16:01:43.305220
0.0,16:01:43.618249
0.0,16:01:43.924499
0.0,16:01:44.232206
0.0,16:01:44.555802
0.0,16:01:44.863941
0.0,16:01:45.172178
0.0,16:01:45.495033
0.0,16:01:45.820748
0.0,16:01:46.140007
0.0,16:01:46.449405
0.0,16:01:46.756535
0.0,16:01:47.068394
0.0,16:01:47.392057
0.0,16:01:47.705508
0.0,16:01:48.021094
0.0,16:01:48.331940
0.0,16:01:48.640192
0.0,16:01:48.944446
0.0,16:01:49.254019
0.0,16:01:49.560167
0.0,16:01:49.869541
0.0,16:01:50.175797
0.0,16:01:50.481602
0.0,16:01:50.793842
0.0,16:01:51.099757
0.0,16:01:51.409568
0.0,16:01:51.716086
0.0,16:01:52.022235
0.0,16:01:52.332456
0.0,16:01:52.638370
0.0,16:01:52.948866
0.0,16:01:53.271363
0.0,16:01:53.579056
0.0,16:01:53.898600
0.0,16:01:54.217882
0.0,16:01:54.527144
0.0,16:01:54.835635
0.0,16:01:55.168355
0.0,16:01:55.475068
0.0,16:01:55.780348
0.0,16:01:56.089442
0.0,16:01:56.395632
0.0,16:01:56.702988
0.0,16:01:57.020098
0.0,16:01:57.328762
0.0,16:01:57.637969
0.0,16:01:57.955179
0.0,16:01:58.263927
0.0,16:01:58.583658
0.0,16:01:58.889295
0.0,16:01:59.196783
0.0,16:01:59.513375
0.0,16:01:59.820374
0.0,16:02:00.126696
0.0,16:02:00.460191
0.0,16:02:00.769263
0.0,16:02:01.084400
0.0,16:02:01.398920
0.0,16:02:01.707080
0.0,16:02:02.015893
0.0,16:02:02.349235
0.0,16:02:02.665299
0.0,16:02:02.972050
0.0,16:02:03.278854
0.0,16:02:03.600993
0.0,16:02:03.910570
0.0,16:02:04.228117
0.0,16:02:04.546473
0.0,16:02:04.852156
0.0,16:02:05.158481
0.0,16:02:05.485241
0.0,16:02:05.791720
0.0,16:02:06.099984
0.0,16:02:06.405204
0.0,16:02:06.710415
0.0,16:02:07.031614
0.0,16:02:07.339994
0.0,16:02:07.657014
0.0,16:02:07.972857
0.0,16:02:08.299277
0.0,16:02:08.620652
0.0,16:02:08.947990
0.0,16:02:09.255211
0.0,16:02:09.561045
0.0,16:02:09.880309
0.0,16:02:10.202053
0.0,16:02:10.520852
0.0,16:02:10.826764
0.0,16:02:11.132975
0.0,16:02:11.447771
0.0,16:02:11.766844
0.0,16:02:12.092143
0.0,16:02:12.398218
0.0,16:02:12.707345
0.0,16:02:13.033874
0.0,16:02:13.357163
0.0,16:02:13.668509
0.0,16:02:13.979242
0.0,16:02:14.304561
0.0,16:02:14.610738
0.0,16:02:14.917662
0.0,16:02:15.227002
0.0,16:02:15.532690
0.0,16:02:15.844341
0.0,16:02:16.165865
0.0,16:02:16.479051
0.0,16:02:16.787650
0.0,16:02:17.099065
0.0,16:02:17.410333
0.0,16:02:17.718982
0.0,16:02:18.034760
0.0,16:02:18.341997
0.0,16:02:18.649340
0.0,16:02:18.960551
0.0,16:02:19.270689
0.0,16:02:19.584537
0.0,16:02:19.910562
0.0,16:02:20.237319
0.0,16:02:20.559483
0.0,16:02:20.871310
0.0,16:02:21.195905
0.0,16:02:21.513013
0.0,16:02:21.837483
0.0,16:02:22.160573
0.0,16:02:22.477719
0.0,16:02:22.803354
0.0,16:02:23.141013
0.0,16:02:23.455303
0.0,16:02:23.762653
0.0,16:02:24.078719
0.0,16:02:24.393699
0.0,16:02:24.703104
0.0,16:02:25.017403
0.0,16:02:25.330548
0.0,16:02:25.638787
0.0,16:02:25.954207
0.0,16:02:26.274295
0.0,16:02:26.589556
0.0,16:02:26.912084
0.0,16:02:27.226004
0.0,16:02:27.531969
0.0,16:02:27.840722
0.0,16:02:28.146155
0.0,16:02:28.457553
0.0,16:02:28.783164
0.0,16:02:29.099694
0.0,16:02:29.409741
0.0,16:02:29.730436
0.0,16:02:30.043384
0.0,16:02:30.354309
0.0,16:02:30.672807
0.0,16:02:30.993661
0.0,16:02:31.302737
0.0,16:02:31.619786
0.0,16:02:31.942612
0.0,16:02:32.260762
0.0,16:02:32.566990
0.0,16:02:32.874139
0.0,16:02:33.183799
0.0,16:02:33.490756
0.0,16:02:33.801454
0.0,16:02:34.108553
0.0,16:02:34.416085
0.0,16:02:34.729173
0.0,16:02:35.048473
0.0,16:02:35.375394
0.0,16:02:35.701288
0.0,16:02:36.023104
0.0,16:02:36.330954
0.0,16:02:36.638040
0.0,16:02:36.968655
0.0,16:02:37.273366
0.0,16:02:37.578670
0.0,16:02:37.895984
0.0,16:02:38.206024
0.0,16:02:38.526653
0.0,16:02:38.843037
0.0,16:02:39.162141
0.0,16:02:39.488370
0.0,16:02:39.804148
0.0,16:02:40.115700
0.0,16:02:40.441260
0.0,16:02:40.753504
0.0,16:02:41.062289
0.0,16:02:41.374675
0.0,16:02:41.695548
0.0,16:02:42.012265
0.0,16:02:42.334051
0.0,16:02:42.652639
0.0,16:02:42.969711
0.0,16:02:43.284576
0.0,16:02:43.598264
0.0,16:02:43.919886
0.0,16:02:44.226429
0.0,16:02:44.533957
0.0,16:02:44.844064
0.0,16:02:45.149746
0.0,16:02:45.454341
0.0,16:02:45.768449
0.0,16:02:46.084826
0.0,16:02:46.399741
0.0,16:02:46.732950
0.0,16:02:47.041626
0.0,16:02:47.353537
0.0,16:02:47.675117
0.0,16:02:48.010022
0.0,16:02:48.344660
0.0,16:02:48.657616
0.0,16:02:48.967168
0.0,16:02:49.288573
0.0,16:02:49.613594
0.0,16:02:49.919867
0.0,16:02:50.231023
0.0,16:02:50.557849
0.0,16:02:50.872908
0.0,16:02:51.181643
0.0,16:02:51.500478
0.0,16:02:51.812935
0.0,16:02:52.131886
0.0,16:02:52.441463
0.0,16:02:52.747639
0.0,16:02:53.059997
0.0,16:02:53.369109
0.0,16:02:53.678082
0.0,16:02:53.999077
0.0,16:02:54.306816
0.0,16:02:54.620187
0.0,16:02:54.937640
0.0,16:02:55.244072
0.0,16:02:55.552769
0.0,16:02:55.863445
0.0,16:02:56.176309
0.0,16:02:56.498550
0.0,16:02:56.808281
0.0,16:02:57.127389
0.0,16:02:57.442162
0.0,16:02:57.751969
0.0,16:02:58.070048
0.0,16:02:58.390271
0.0,16:02:58.698268
0.0,16:02:59.009560
0.0,16:02:59.334276
0.0,16:02:59.662319
0.0,16:02:59.976432
0.0,16:03:00.284485
0.0,16:03:00.592287
0.0,16:03:00.901996
0.0,16:03:01.218820
0.0,16:03:01.530789
0.0,16:03:01.840032
0.0,16:03:02.157191
0.0,16:03:02.476968
0.0,16:03:02.786639
0.0,16:03:03.095062
0.0,16:03:03.400813
0.0,16:03:03.714039
0.0,16:03:04.020108
0.0,16:03:04.330375
0.0,16:03:04.647559
0.0,16:03:04.954371
0.0,16:03:05.263149
0.0,16:03:05.572131
0.0,16:03:05.880090
0.0,16:03:06.190978
0.0,16:03:06.496338
0.0,16:03:06.800764
0.0,16:03:07.109648
0.0,16:03:07.416999
0.0,16:03:07.738238
0.0,16:03:08.054788
0.0,16:03:08.376160
0.0,16:03:08.699007
0.0,16:03:09.007607
0.0,16:03:09.318356
0.0,16:03:09.654751
0.0,16:03:09.969635
0.0,16:03:10.275198
0.0,16:03:10.591866
0.0,16:03:10.900676
0.0,16:03:11.208112
0.0,16:03:11.535589
0.0,16:03:11.845454
0.0,16:03:12.153854
0.0,16:03:12.464943
0.0,16:03:12.784398
0.0,16:03:13.092278
0.0,16:03:13.401893
0.0,16:03:13.722545
0.0,16:03:14.028537
0.0,16:03:14.346478
0.0,16:03:14.666932
0.0,16:03:14.976483
0.0,16:03:15.282561
0.0,16:03:15.592395
0.0,16:03:15.900084
0.0,16:03:16.207028
0.0,16:03:16.524776
0.0,16:03:16.832661
0.0,16:03:17.139372
0.0,16:03:17.471661
0.0,16:03:17.790903
0.0,16:03:18.106674
0.0,16:03:18.428555
0.0,16:03:18.761018
0.0,16:03:19.080515
0.0,16:03:19.386170
0.0,16:03:19.692208
0.0,16:03:20.027626
0.0,16:03:20.346189
0.0,16:03:20.685398
0.0,16:03:21.021925
0.0,16:03:21.343211
0.0,16:03:21.654895
0.0,16:03:21.976216
0.0,16:03:22.294390
0.0,16:03:22.608335
0.0,16:03:22.932033
0.0,16:03:23.245190
0.0,16:03:23.570810
0.0,16:03:23.912852
0.0,16:03:24.221388
0.0,16:03:24.536665
0.0,16:03:24.843087
0.0,16:03:25.150728
0.0,16:03:25.476861
0.0,16:03:25.784110
0.0,16:03:26.093962
0.0,16:03:26.420380
0.0,16:03:26.731348
0.0,16:03:27.039421
0.0,16:03:27.373662
0.0,16:03:27.685270
0.0,16:03:27.999953
0.0,16:03:28.330013
0.0,16:03:28.644658
0.0,16:03:28.960978
0.0,16:03:29.278091
0.0,16:03:29.595191
0.0,16:03:29.900885
0.0,16:03:30.212721
0.0,16:03:30.530789
0.0,16:03:30.850435
0.0,16:03:31.170796
0.0,16:03:31.489310
0.0,16:03:31.808317
0.0,16:03:32.118672
0.0,16:03:32.423136
0.0,16:03:32.730426
0.0,16:03:33.048107
0.0,16:03:33.354244
0.0,16:03:33.669302
0.0,16:03:33.992791
0.0,16:03:34.310745
0.0,16:03:34.653082
0.0,16:03:34.976702
0.0,16:03:35.287420
0.0,16:03:35.595003
0.0,16:03:35.908008
0.0,16:03:36.227708
0.0,16:03:36.534436
0.0,16:03:36.843837
0.0,16:03:37.165959
0.0,16:03:37.475566
0.0,16:03:37.792521
0.0,16:03:38.116257
0.0,16:03:38.428464
0.0,16:03:38.733522
0.0,16:03:39.041984
0.0,16:03:39.348727
0.0,16:03:39.659070
0.0,16:03:39.964407
0.0,16:03:40.271890
0.0,16:03:40.588965
0.0,16:03:40.899671
0.0,16:03:41.206558
0.0,16:03:41.521569
0.0,16:03:41.830943
0.0,16:03:42.140833
0.0,16:03:42.471698
0.0,16:03:42.788434
0.0,16:03:43.097281
0.0,16:03:43.416727
0.0,16:03:43.728572
0.0,16:03:44.036439
0.0,16:03:44.358581
0.0,16:03:44.666241
0.0,16:03:44.976444
0.0,16:03:45.296020
0.0,16:03:45.614005
0.0,16:03:45.938084
0.0,16:03:46.244538
0.0,16:03:46.552095
0.0,16:03:46.881624
0.0,16:03:47.208388
0.0,16:03:47.526276
0.0,16:03:47.834597
0.0,16:03:48.150813
0.0,16:03:48.470857
0.0,16:03:48.779621
0.0,16:03:49.090986
0.0,16:03:49.403975
0.0,16:03:49.708455
0.0,16:03:50.018308
0.0,16:03:50.327528
0.0,16:03:50.633648
0.0,16:03:50.942624
0.0,16:03:51.247773
0.0,16:03:51.554216
0.0,16:03:51.862955
0.0,16:03:52.167737
0.0,16:03:52.477397
0.0,16:03:52.780935
0.0,16:03:53.086766
0.0,16:03:53.402956
0.0,16:03:53.713000
0.0,16:03:54.022819
0.0,16:03:54.346195
0.0,16:03:54.654789
0.0,16:03:54.970725
0.0,16:03:55.290598
0.0,16:03:55.597783
0.0,16:03:55.907850
0.0,16:03:56.229337
0.0,16:03:56.537977
0.0,16:03:56.855440
0.0,16:03:57.169871
0.0,16:03:57.483996
0.0,16:03:57.797420
0.0,16:03:58.123618
0.0,16:03:58.462093
0.0,16:03:58.790169
0.0,16:03:59.106836
0.0,16:03:59.431071
0.0,16:03:59.746713
0.0,16:04:00.055301
0.0,16:04:00.364533
0.0,16:04:00.697465
0.0,16:04:01.004432
0.0,16:04:01.313007
0.0,16:04:01.637319
0.0,16:04:01.943894
0.0,16:04:02.252273
0.0,16:04:02.574352
0.0,16:04:02.881414
0.0,16:04:03.193069
0.0,16:04:03.515563
0.0,16:04:03.821888
0.0,16:04:04.126773
0.0,16:04:04.450195
0.0,16:04:04.757064
0.0,16:04:05.069360
0.0,16:04:05.385063
0.0,16:04:05.693040
0.0,16:04:06.015486
0.0,16:04:06.322686
0.0,16:04:06.631300
0.0,16:04:06.949926
0.0,16:04:07.258004
0.0,16:04:07.571037
0.0,16:04:07.917040
0.0,16:04:08.231448
0.0,16:04:08.538462
0.0,16:04:08.856059
0.0,16:04:09.163387
0.0,16:04:09.485691
0.0,16:04:09.804262
0.0,16:04:10.109331
0.0,16:04:10.417663
0.0,16:04:10.722271
0.0,16:04:11.027724
0.0,16:04:11.336158
0.0,16:04:11.641238
0.0,16:04:11.950237
0.0,16:04:12.267013
0.0,16:04:12.584123
0.0,16:04:12.900298
0.0,16:04:13.214368
0.0,16:04:13.522019
0.0,16:04:13.838506
0.0,16:04:14.160917
0.0,16:04:14.466395
0.0,16:04:14.771992
0.0,16:04:15.081654
0.0,16:04:15.392232
0.0,16:04:15.712531
0.0,16:04:16.029841
0.0,16:04:16.344816
0.0,16:04:16.665474
0.0,16:04:16.971109
0.0,16:04:17.277716
0.0,16:04:17.600885
0.0,16:04:17.916431
0.0,16:04:18.235204
0.0,16:04:18.558629
0.0,16:04:18.869613
0.0,16:04:19.183460
0.0,16:04:19.521285
0.0,16:04:19.847994
0.0,16:04:20.158915
0.0,16:04:20.484998
0.0,16:04:20.795292
0.0,16:04:21.104221
0.0,16:04:21.416538
0.0,16:04:21.731515
0.0,16:04:22.059176
0.0,16:04:22.363757
0.0,16:04:22.669246
0.0,16:04:22.983453
0.0,16:04:23.298181
0.0,16:04:24.072409
0.0,16:04:24.365971
0.0,16:04:24.673927
0.0,16:04:24.984179
0.0,16:04:25.310037
0.0,16:04:25.619394
0.0,16:04:25.929113
0.0,16:04:26.248087
0.0,16:04:26.559043
0.0,16:04:26.866943
0.0,16:04:27.183984
0.0,16:04:27.489370
0.0,16:04:27.794612
0.0,16:04:28.102694
0.0,16:04:28.408274
0.0,16:04:28.719689
0.0,16:04:29.025653
0.0,16:04:29.333873
0.0,16:04:29.656511
0.0,16:04:29.968582
0.0,16:04:30.276396
0.0,16:04:30.588700
0.0,16:04:30.895108
0.0,16:04:31.202649
0.0,16:04:31.524693
0.0,16:04:31.834986
0.0,16:04:32.140424
0.0,16:04:32.453626
0.0,16:04:32.758150
0.0,16:04:33.065573
0.0,16:04:33.384719
0.0,16:04:33.697288
0.0,16:04:34.008270
0.0,16:04:34.314369
0.0,16:04:34.620084
0.0,16:04:34.933648
0.0,16:04:35.246631
0.0,16:04:35.554718
0.0,16:04:35.883289
0.0,16:04:36.196831
0.0,16:04:36.505443
0.0,16:04:36.817735
0.0,16:04:37.123643
0.0,16:04:37.432444
0.0,16:04:37.755595
0.0,16:04:38.090766
0.0,16:04:38.412336
0.0,16:04:38.719134
0.0,16:04:39.025644
0.0,16:04:39.346186
0.0,16:04:39.656632
0.0,16:04:39.962416
0.0,16:04:40.274351
0.0,16:04:40.583447
0.0,16:04:40.902024
0.0,16:04:41.214681
0.0,16:04:41.520232
0.0,16:04:41.832339
0.0,16:04:42.139791
0.0,16:04:42.446722
0.0,16:04:42.764571
0.0,16:04:43.076968
0.0,16:04:43.385354
0.0,16:04:43.706383
0.0,16:04:44.010431
0.0,16:04:44.316291
0.0,16:04:44.629728
0.0,16:04:44.935311
0.0,16:04:45.240979
0.0,16:04:45.552595
0.0,16:04:45.857495
0.0,16:04:46.170428
0.0,16:04:46.494722
0.0,16:04:46.802291
0.0,16:04:47.109059
0.0,16:04:47.431443
0.0,16:04:47.746419
0.0,16:04:48.052347
0.0,16:04:48.367023
0.0,16:04:48.696433
0.0,16:04:49.012749
0.0,16:04:49.323766
0.0,16:04:49.635269
0.0,16:04:49.940421
0.0,16:04:50.247221
0.0,16:04:50.559783
0.0,16:04:50.865572
0.0,16:04:51.173913
0.0,16:04:51.490376
0.0,16:04:51.801399
0.0,16:04:52.123232
0.0,16:04:52.430336
0.0,16:04:52.741223
0.0,16:04:53.054577
0.0,16:04:53.361262
0.0,16:04:53.672119
0.0,16:04:53.978857
0.0,16:04:54.288369
0.0,16:04:54.608849
0.0,16:04:54.921486
0.0,16:04:55.229186
0.0,16:04:55.545913
0.0,16:04:55.871066
0.0,16:04:56.199910
0.0,16:04:56.516137
0.0,16:04:56.822162
0.0,16:04:57.136704
0.0,16:04:57.449132
0.0,16:04:57.762074
0.0,16:04:58.070885
0.0,16:04:58.378170
0.0,16:04:58.692399
0.0,16:04:59.005499
0.0,16:04:59.311520
0.0,16:04:59.616277
0.0,16:04:59.944000
0.0,16:05:00.258870
0.0,16:05:00.566817
0.0,16:05:00.874478
0.0,16:05:01.182322
0.0,16:05:01.492257
0.0,16:05:01.803965
0.0,16:05:02.112694
0.0,16:05:02.430833
0.0,16:05:02.753042
0.0,16:05:03.068470
0.0,16:05:03.374939
0.0,16:05:03.685752
0.0,16:05:03.993129
0.0,16:05:04.307348
0.0,16:05:04.624823
0.0,16:05:04.934572
0.0,16:05:05.247281
0.0,16:05:05.575872
0.0,16:05:05.900306
0.0,16:05:06.212853
0.0,16:05:06.517881
0.0,16:05:06.825240
0.0,16:05:07.132969
0.0,16:05:07.437851
0.0,16:05:07.759281
0.0,16:05:08.083113
0.0,16:05:08.388683
0.0,16:05:08.702817
0.0,16:05:09.015355
0.0,16:05:09.330868
0.0,16:05:09.650899
0.0,16:05:09.964592
0.0,16:05:10.270908
0.0,16:05:10.583837
0.0,16:05:10.903052
0.0,16:05:11.224348
0.0,16:05:11.543070
0.0,16:05:11.851243
0.0,16:05:12.159627
0.0,16:05:12.466664
0.0,16:05:12.771943
0.0,16:05:13.084167
0.0,16:05:13.393415
0.0,16:05:13.700860
0.0,16:05:14.009886
0.0,16:05:14.326566
0.0,16:05:14.634432
0.0,16:05:14.939452
0.0,16:05:15.263337
0.0,16:05:15.570710
0.0,16:05:15.883533
0.0,16:05:16.194199
0.0,16:05:16.501888
0.0,16:05:16.809518
0.0,16:05:17.136029
0.0,16:05:17.444168
0.0,16:05:17.752427
0.0,16:05:18.072798
0.0,16:05:18.381210
0.0,16:05:18.686930
0.0,16:05:18.996546
0.0,16:05:19.309977
0.0,16:05:19.617549
0.0,16:05:19.927440
0.0,16:05:20.238605
0.0,16:05:20.544574
0.0,16:05:20.852431
0.0,16:05:21.173370
0.0,16:05:21.488152
0.0,16:05:21.805329
0.0,16:05:22.118114
0.0,16:05:22.424259
0.0,16:05:22.735386
0.0,16:05:23.044088
0.0,16:05:23.349781
0.0,16:05:23.659756
0.0,16:05:23.966084
0.0,16:05:24.285297
0.0,16:05:24.620947
0.0,16:05:24.927873
0.0,16:05:25.240830
0.0,16:05:25.555223
0.0,16:05:25.864773
0.0,16:05:26.171655
0.0,16:05:26.486303
0.0,16:05:26.793256
0.0,16:05:27.109664
0.0,16:05:27.448416
0.0,16:05:27.756981
0.0,16:05:28.071247
0.0,16:05:28.390730
0.0,16:05:28.695794
0.0,16:05:29.009380
0.0,16:05:29.335692
0.0,16:05:29.645619
0.0,16:05:29.954727
0.0,16:05:30.274023
0.0,16:05:30.580588
0.0,16:05:30.886287
0.0,16:05:31.194258
0.0,16:05:31.502071
0.0,16:05:31.816101
0.0,16:05:32.138908
0.0,16:05:32.468862
0.0,16:05:32.794287
0.0,16:05:33.102821
0.0,16:05:33.411272
0.0,16:05:33.731971
0.0,16:05:34.051963
0.0,16:05:34.358806
0.0,16:05:34.666371
0.0,16:05:34.990807
0.0,16:05:35.298786
0.0,16:05:35.604814
0.0,16:05:35.914497
0.0,16:05:36.220837
0.0,16:05:36.526967
0.0,16:05:36.842565
0.0,16:05:37.150104
0.0,16:05:37.465591
0.0,16:05:37.790565
0.0,16:05:38.104869
0.0,16:05:38.411979
0.0,16:05:38.720300
0.0,16:05:39.037074
0.0,16:05:39.347888
0.0,16:05:39.654541
0.0,16:05:39.963730
0.0,16:05:40.269981
0.0,16:05:40.574023
0.0,16:05:40.881717
0.0,16:05:41.186052
0.0,16:05:41.498121
0.0,16:05:41.812651
0.0,16:05:42.126840
0.0,16:05:42.435596
0.0,16:05:42.740395
0.0,16:05:43.050021
0.0,16:05:43.359669
0.0,16:05:43.666638
0.0,16:05:43.996350
0.0,16:05:44.343482
0.0,16:05:44.689499
0.0,16:05:45.035441
0.0,16:05:45.363032
0.0,16:05:45.682381
0.0,16:05:45.987637
0.0,16:05:46.293116
0.0,16:05:46.603784
0.0,16:05:46.910171
0.0,16:05:47.216774
0.0,16:05:47.535934
0.0,16:05:47.842891
0.0,16:05:48.152297
0.0,16:05:48.486549
0.0,16:05:48.832291
0.0,16:05:49.167750
0.0,16:05:49.514853
0.0,16:05:49.839170
0.0,16:05:50.194744
0.0,16:05:50.519807
0.0,16:05:50.870182
0.0,16:05:51.193927
0.0,16:05:51.511156
0.0,16:05:51.817296
0.0,16:05:52.127828
0.0,16:05:52.436406
0.0,16:05:52.751582
0.0,16:05:53.062171
0.0,16:05:53.380006
0.0,16:05:53.712199
0.0,16:05:54.031957
0.0,16:05:54.345759
0.0,16:05:54.670683
0.0,16:05:54.988778
0.0,16:05:55.294382
0.0,16:05:55.629872
0.0,16:05:55.947518
0.0,16:05:56.259078
0.0,16:05:56.585111
0.0,16:05:56.900266
0.0,16:05:57.212057
0.0,16:05:57.524387
0.0,16:05:57.829493
0.0,16:05:58.134148
0.0,16:05:58.449949
0.0,16:05:58.755494
0.0,16:05:59.060287
0.0,16:05:59.367494
0.0,16:05:59.672802
0.0,16:05:59.978229
0.0,16:06:00.303245
0.0,16:06:00.609305
0.0,16:06:00.915454
0.0,16:06:01.221004
0.0,16:06:01.528331
0.0,16:06:01.844027
0.0,16:06:02.155239
0.0,16:06:02.463052
0.0,16:06:02.785411
0.0,16:06:03.135090
0.0,16:06:03.461957
0.0,16:06:03.770373
0.0,16:06:04.084451
0.0,16:06:04.397555
0.0,16:06:04.713322
0.0,16:06:05.028376
0.0,16:06:05.338011
0.0,16:06:05.651549
0.0,16:06:05.961400
0.0,16:06:06.269802
0.0,16:06:06.588645
0.0,16:06:06.928440
0.0,16:06:07.247094
0.0,16:06:07.579840
0.0,16:06:07.893032
0.0,16:06:08.201452
0.0,16:06:08.514609
0.0,16:06:08.828087
0.0,16:06:09.137494
0.0,16:06:09.461309
0.0,16:06:09.767510
0.0,16:06:10.075464
0.0,16:06:10.395351
0.0,16:06:10.724544
0.0,16:06:11.033695
0.0,16:06:11.341461
0.0,16:06:11.667481
0.0,16:06:11.976472
0.0,16:06:12.283713
0.0,16:06:12.596733
0.0,16:06:12.932084
0.0,16:06:13.247905
0.0,16:06:13.553350
0.0,16:06:13.862426
0.0,16:06:14.227620
0.0,16:06:14.544082
0.0,16:06:14.852022
0.0,16:06:15.165621
0.0,16:06:15.496697
0.0,16:06:15.822634
0.0,16:06:16.135307
0.0,16:06:16.453596
0.0,16:06:16.770138
0.0,16:06:17.090831
0.0,16:06:17.403738
0.0,16:06:17.710803
0.0,16:06:18.032326
0.0,16:06:18.348244
0.0,16:06:18.655681
0.0,16:06:18.979919
0.0,16:06:19.290623
0.0,16:06:19.598408
0.0,16:06:19.917638
0.0,16:06:20.233027
0.0,16:06:20.549867
0.0,16:06:20.863666
0.0,16:06:21.169866
0.0,16:06:21.480741
0.0,16:06:21.794742
0.0,16:06:22.101299
0.0,16:06:22.409372
0.0,16:06:22.718312
0.0,16:06:23.025565
0.0,16:06:23.333989
0.0,16:06:23.643769
0.0,16:06:23.959306
0.0,16:06:24.268183
0.0,16:06:24.576740
0.0,16:06:24.890651
0.0,16:06:25.204638
0.0,16:06:25.510705
0.0,16:06:25.816816
0.0,16:06:26.135925
0.0,16:06:26.449177
0.0,16:06:26.783567
0.0,16:06:27.097047
0.0,16:06:27.405622
0.0,16:06:27.725330
0.0,16:06:28.044127
0.0,16:06:28.349276
0.0,16:06:28.656874
0.0,16:06:28.971417
0.0,16:06:29.276954
0.0,16:06:29.585032
0.0,16:06:29.915986
0.0,16:06:30.225630
0.0,16:06:30.536554
0.0,16:06:30.859755
0.0,16:06:31.174869
0.0,16:06:31.486278
0.0,16:06:31.809367
0.0,16:06:32.122184
0.0,16:06:32.426674
0.0,16:06:32.736421
0.0,16:06:33.052633
0.0,16:06:33.363132
0.0,16:06:33.669901
0.0,16:06:33.981559
0.0,16:06:34.287897
0.0,16:06:34.593983
0.0,16:06:34.911005
0.0,16:06:35.220877
0.0,16:06:35.526238
0.0,16:06:35.847163
0.0,16:06:36.157279
0.0,16:06:36.472931
0.0,16:06:36.783309
0.0,16:06:37.092323
0.0,16:06:37.406032
0.0,16:06:37.715919
0.0,16:06:38.026145
0.0,16:06:38.347895
0.0,16:06:38.685345
0.0,16:06:39.003208
0.0,16:06:39.312361
0.0,16:06:39.620993
0.0,16:06:39.942897
0.0,16:06:40.269642
0.0,16:06:40.577067
0.0,16:06:40.886188
0.0,16:06:41.209284
0.0,16:06:41.533564
0.0,16:06:41.844201
0.0,16:06:42.150363
0.0,16:06:42.463614
0.0,16:06:42.776591
0.0,16:06:43.086345
0.0,16:06:43.407166
0.0,16:06:43.725664
0.0,16:06:44.033926
0.0,16:06:44.365910
0.0,16:06:44.678989
0.0,16:06:44.984013
0.0,16:06:45.294504
0.0,16:06:45.601227
0.0,16:06:45.913151
0.0,16:06:46.223631
0.0,16:06:46.529003
0.0,16:06:46.837854
0.0,16:06:47.157617
0.0,16:06:47.480184
0.0,16:06:47.785322
0.0,16:06:48.091449
0.0,16:06:48.403279
0.0,16:06:48.717811
0.0,16:06:49.466188
0.0,16:06:49.758041
0.0,16:06:50.070398
0.0,16:06:50.386116
0.0,16:06:50.705418
0.0,16:06:51.020273
0.0,16:06:51.336150
0.0,16:06:51.658283
0.0,16:06:51.973045
0.0,16:06:52.281566
0.0,16:06:52.597984
0.0,16:06:52.915719
0.0,16:06:53.223269
0.0,16:06:53.541705
0.0,16:06:53.851853
0.0,16:06:54.160124
0.0,16:06:54.478945
0.0,16:06:54.792666
0.0,16:06:55.102011
0.0,16:06:55.432827
0.0,16:06:55.745010
0.0,16:06:56.065613
0.0,16:06:56.404199
0.0,16:06:56.734962
0.0,16:06:57.053299
0.0,16:06:57.385139
0.0,16:06:57.694323
0.0,16:06:58.006229
0.0,16:06:58.318735
0.0,16:06:58.626149
0.0,16:06:58.933193
0.0,16:06:59.247781
0.0,16:06:59.562362
0.0,16:06:59.883940
0.0,16:07:00.193516
0.0,16:07:00.499538
0.0,16:07:00.813101
0.0,16:07:01.129483
0.0,16:07:01.440234
0.0,16:07:01.766277
0.0,16:07:02.076883
0.0,16:07:02.384900
0.0,16:07:02.704909
0.0,16:07:03.009871
0.0,16:07:03.315489
0.0,16:07:03.630847
0.0,16:07:03.949187
0.0,16:07:04.259592
0.0,16:07:04.566628
0.0,16:07:04.876630
0.0,16:07:05.203270
0.0,16:07:05.514466
0.0,16:07:05.822918
0.0,16:07:06.141673
0.0,16:07:06.448749
0.0,16:07:06.758381
0.0,16:07:07.079524
0.0,16:07:07.392773
0.0,16:07:07.715741
0.0,16:07:08.034380
0.0,16:07:08.342704
0.0,16:07:08.652060
0.0,16:07:08.977907
0.0,16:07:09.299991
0.0,16:07:09.606296
0.0,16:07:09.913752
0.0,16:07:10.224297
0.0,16:07:10.530389
0.0,16:07:10.840229
0.0,16:07:11.167409
0.0,16:07:11.481991
0.0,16:07:11.789268
0.0,16:07:12.109181
0.0,16:07:12.444507
0.0,16:07:12.750563
0.0,16:07:13.071558
0.0,16:07:13.386569
0.0,16:07:13.693286
0.0,16:07:14.002893
0.0,16:07:14.306363
0.0,16:07:14.611018
0.0,16:07:14.919231
0.0,16:07:15.227841
0.0,16:07:15.543996
0.0,16:07:15.860454
0.0,16:07:16.167833
0.0,16:07:16.478934
0.0,16:07:16.804228
0.0,16:07:17.114822
0.0,16:07:17.430422
0.0,16:07:17.758013
0.0,16:07:18.083378
0.0,16:07:18.411597
0.0,16:07:18.721564
0.0,16:07:19.031457
0.0,16:07:19.354969
0.0,16:07:19.665682
0.0,16:07:19.974833
0.0,16:07:20.291092
0.0,16:07:20.621082
0.0,16:07:20.941273
0.0,16:07:21.249260
0.0,16:07:21.559959
0.0,16:07:21.874941
0.0,16:07:22.183979
0.0,16:07:22.489896
0.0,16:07:22.797291
0.0,16:07:23.103495
0.0,16:07:23.414928
0.0,16:07:23.744874
0.0,16:07:24.056342
0.0,16:07:24.369934
0.0,16:07:24.686315
0.0,16:07:25.006521
0.0,16:07:25.333299
0.0,16:07:25.654097
0.0,16:07:25.970931
0.0,16:07:26.294799
0.0,16:07:26.602759
0.0,16:07:26.907512
0.0,16:07:27.216693
0.0,16:07:27.522338
0.0,16:07:27.831882
0.0,16:07:28.146556
0.0,16:07:28.454337
0.0,16:07:28.767876
0.0,16:07:29.101190
0.0,16:07:29.405593
0.0,16:07:29.710913
0.0,16:07:30.023640
0.0,16:07:30.334291
0.0,16:07:30.645497
0.0,16:07:30.968536
0.0,16:07:31.288390
0.0,16:07:31.608756
0.0,16:07:31.923149
0.0,16:07:32.232487
0.0,16:07:32.548948
0.0,16:07:32.871601
0.0,16:07:33.196779
0.0,16:07:33.523901
0.0,16:07:33.845546
0.0,16:07:34.152777
0.0,16:07:34.462051
0.0,16:07:34.773837
0.0,16:07:35.080428
0.0,16:07:35.408669
0.0,16:07:35.715655
0.0,16:07:36.031234
0.0,16:07:36.353036
0.0,16:07:36.663364
0.0,16:07:36.970666
0.0,16:07:37.286249
0.0,16:07:37.592282
0.0,16:07:37.901053
0.0,16:07:38.219463
0.0,16:07:38.539381
0.0,16:07:38.855559
0.0,16:07:39.162325
0.0,16:07:39.470789
0.0,16:07:39.796000
0.0,16:07:40.100998
0.0,16:07:40.407065
0.0,16:07:40.743225
0.0,16:07:41.058169
0.0,16:07:41.374826
0.0,16:07:41.687599
0.0,16:07:41.998407
0.0,16:07:42.321838
0.0,16:07:42.631587
0.0,16:07:42.947435
0.0,16:07:43.279631
0.0,16:07:43.599231
0.0,16:07:43.915998
0.0,16:07:44.232095
0.0,16:07:44.551034
0.0,16:07:44.858401
0.0,16:07:45.177554
0.0,16:07:45.506611
0.0,16:07:45.824219
0.0,16:07:46.129752
0.0,16:07:46.454482
0.0,16:07:46.774766
0.0,16:07:47.090821
0.0,16:07:47.414910
0.0,16:07:47.719557
0.0,16:07:48.024199
0.0,16:07:48.333419
0.0,16:07:48.638915
0.0,16:07:48.948386
0.0,16:07:49.256758
0.0,16:07:49.563351
0.0,16:07:49.876591
0.0,16:07:50.184239
0.0,16:07:50.498456
0.0,16:07:50.803881
0.0,16:07:51.109741
0.0,16:07:51.425840
0.0,16:07:51.737575
0.0,16:07:52.043146
0.0,16:07:52.351565
0.0,16:07:52.658106
0.0,16:07:52.965256
0.0,16:07:53.278310
0.0,16:07:53.584677
0.0,16:07:53.899966
0.0,16:07:54.213587
0.0,16:07:54.529208
0.0,16:07:54.840682
0.0,16:07:55.166298
0.0,16:07:55.474387
0.0,16:07:55.782284
0.0,16:07:56.091681
0.0,16:07:56.400064
0.0,16:07:56.715799
0.0,16:07:57.026018
0.0,16:07:57.332377
0.0,16:07:57.649559
0.0,16:07:57.958526
0.0,16:07:58.266408
0.0,16:07:58.583354
0.0,16:07:58.891694
0.0,16:07:59.198590
0.0,16:07:59.529364
0.0,16:07:59.839416
0.0,16:08:00.153062
0.0,16:08:00.468514
0.0,16:08:00.774276
0.0,16:08:01.090681
0.0,16:08:01.404043
0.0,16:08:01.711597
0.0,16:08:02.022713
0.0,16:08:02.329899
0.0,16:08:02.636803
0.0,16:08:02.971313
0.0,16:08:03.296802
0.0,16:08:03.609629
0.0,16:08:03.918899
0.0,16:08:04.240030
0.0,16:08:04.561036
0.0,16:08:04.868851
0.0,16:08:05.180044
0.0,16:08:05.495477
0.0,16:08:05.801061
0.0,16:08:06.108059
0.0,16:08:06.422441
0.0,16:08:06.732167
0.0,16:08:07.064880
0.0,16:08:07.371106
0.0,16:08:07.686408
0.0,16:08:07.999311
0.0,16:08:08.307065
0.0,16:08:08.616792
0.0,16:08:08.944025
0.0,16:08:09.274223
0.0,16:08:09.589498
0.0,16:08:09.900131
0.0,16:08:10.232345
0.0,16:08:10.550024
0.0,16:08:10.865968
0.0,16:08:11.185332
0.0,16:08:11.502705
0.0,16:08:11.811249
0.0,16:08:12.132757
0.0,16:08:12.455910
0.0,16:08:12.761924
0.0,16:08:13.068427
0.0,16:08:13.380547
0.0,16:08:13.696071
0.0,16:08:14.018534
0.0,16:08:14.331536
0.0,16:08:14.641239
0.0,16:08:14.961653
0.0,16:08:15.281862
0.0,16:08:15.592232
0.0,16:08:15.901089
0.0,16:08:16.229915
0.0,16:08:16.549506
0.0,16:08:16.854044
0.0,16:08:17.158504
0.0,16:08:17.468782
0.0,16:08:17.775382
0.0,16:08:18.084295
0.0,16:08:18.391660
0.0,16:08:18.699262
0.0,16:08:19.009859
0.0,16:08:19.315934
0.0,16:08:19.622683
0.0,16:08:19.932475
0.0,16:08:20.238950
0.0,16:08:20.551998
0.0,16:08:20.859916
0.0,16:08:21.166636
0.0,16:08:21.481466
0.0,16:08:21.820056
0.0,16:08:22.172086
0.0,16:08:22.515443
0.0,16:08:22.836287
0.0,16:08:23.154874
0.0,16:08:23.476599
0.0,16:08:23.798552
0.0,16:08:24.110471
0.0,16:08:24.417109
0.0,16:08:24.728086
0.0,16:08:25.040018
0.0,16:08:25.346901
0.0,16:08:25.658541
0.0,16:08:25.976057
0.0,16:08:26.282833
0.0,16:08:26.598808
0.0,16:08:26.928342
0.0,16:08:27.259502
0.0,16:08:27.565322
0.0,16:08:27.870561
0.0,16:08:28.183309
0.0,16:08:28.490938
0.0,16:08:28.796303
0.0,16:08:29.109486
0.0,16:08:29.417068
0.0,16:08:29.742719
0.0,16:08:30.106373
0.0,16:08:30.441287
0.0,16:08:30.777710
0.0,16:08:31.093719
0.0,16:08:31.437722
0.0,16:08:31.756434
0.0,16:08:32.102514
0.0,16:08:32.415688
0.0,16:08:32.725719
0.0,16:08:33.037279
0.0,16:08:33.356030
0.0,16:08:33.703929
0.0,16:08:34.023317
0.0,16:08:34.346934
0.0,16:08:34.668928
0.0,16:08:34.981647
0.0,16:08:35.298961
0.0,16:08:35.614049
0.0,16:08:35.923327
0.0,16:08:36.263200
0.0,16:08:36.583334
0.0,16:08:36.898163
0.0,16:08:37.225022
0.0,16:08:37.541458
0.0,16:08:37.858095
0.0,16:08:38.179083
0.0,16:08:38.487599
0.0,16:08:38.798336
0.0,16:08:39.108399
0.0,16:08:39.427680
0.0,16:08:39.752168
0.0,16:08:40.068782
0.0,16:08:40.384872
0.0,16:08:40.702374
0.0,16:08:41.021967
0.0,16:08:41.326861
0.0,16:08:41.643225
0.0,16:08:41.948150
0.0,16:08:42.261156
0.0,16:08:42.583302
0.0,16:08:42.889890
0.0,16:08:43.196324
0.0,16:08:43.521296
0.0,16:08:43.840980
0.0,16:08:44.146811
0.0,16:08:44.452973
0.0,16:08:44.768516
0.0,16:08:45.074939
0.0,16:08:45.380452
0.0,16:08:45.693219
0.0,16:08:45.997590
0.0,16:08:46.303288
0.0,16:08:46.611207
0.0,16:08:46.918320
0.0,16:08:47.227866
0.0,16:08:47.534423
0.0,16:08:47.847972
0.0,16:08:48.168494
0.0,16:08:48.473992
0.0,16:08:48.779645
0.0,16:08:49.097688
0.0,16:08:49.414507
0.0,16:08:49.729450
0.0,16:08:50.040350
0.0,16:08:50.349219
0.0,16:08:50.669014
0.0,16:08:50.986512
0.0,16:08:51.293119
0.0,16:08:51.612918
0.0,16:08:51.926667
0.0,16:08:52.234229
0.0,16:08:52.553303
0.0,16:08:52.881433
0.0,16:08:53.195147
0.0,16:08:53.515670
0.0,16:08:53.831224
0.0,16:08:54.135949
0.0,16:08:54.451225
0.0,16:08:54.761907
0.0,16:08:55.078744
0.0,16:08:55.410803
0.0,16:08:55.729279
0.0,16:08:56.044516
0.0,16:08:56.355383
0.0,16:08:56.672515
0.0,16:08:57.007726
0.0,16:08:57.312759
0.0,16:08:57.619897
0.0,16:08:57.931485
0.0,16:08:58.240308
0.0,16:08:58.546678
0.0,16:08:58.856596
0.0,16:08:59.164082
0.0,16:08:59.482499
0.0,16:08:59.806130
0.0,16:09:00.112324
0.0,16:09:00.426919
0.0,16:09:00.736151
0.0,16:09:01.047037
0.0,16:09:01.360713
0.0,16:09:01.674407
0.0,16:09:01.993211
0.0,16:09:02.324483
0.0,16:09:02.636392
0.0,16:09:02.945582
0.0,16:09:03.263121
0.0,16:09:03.575435
0.0,16:09:03.893003
0.0,16:09:04.216728
0.0,16:09:04.531558
0.0,16:09:04.845022
0.0,16:09:05.171153
0.0,16:09:05.481933
0.0,16:09:05.789412
0.0,16:09:06.108338
0.0,16:09:06.436733
0.0,16:09:06.753672
0.0,16:09:07.069627
0.0,16:09:07.392186
0.0,16:09:07.704581
0.0,16:09:08.033091
0.0,16:09:08.352437
0.0,16:09:08.659912
0.0,16:09:08.969805
0.0,16:09:09.298997
0.0,16:09:09.605664
0.0,16:09:09.913851
0.0,16:09:10.240819
0.0,16:09:10.547837
0.0,16:09:10.854456
0.0,16:09:11.173359
0.0,16:09:11.486495
0.0,16:09:11.800653
0.0,16:09:12.119699
0.0,16:09:12.432521
0.0,16:09:12.741945
0.0,16:09:13.064607
0.0,16:09:13.374824
0.0,16:09:13.693968
0.0,16:09:14.006615
0.0,16:09:14.310905
0.0,16:09:14.623828
0.0,16:09:14.933832
0.0,16:09:15.242075
0.0,16:09:15.558262
0.0,16:09:15.893240
0.0,16:09:16.202903
0.0,16:09:16.509690
0.0,16:09:16.826846
0.0,16:09:17.133306
0.0,16:09:17.442947
0.0,16:09:17.757852
0.0,16:09:18.067798
0.0,16:09:18.390222
0.0,16:09:18.710943
0.0,16:09:19.026387
0.0,16:09:19.334914
0.0,16:09:19.639625
0.0,16:09:19.945154
0.0,16:09:20.254528
0.0,16:09:20.560913
0.0,16:09:20.868695
0.0,16:09:21.175955
0.0,16:09:21.482013
0.0,16:09:21.793940
0.0,16:09:22.110693
0.0,16:09:22.428002
0.0,16:09:22.749923
0.0,16:09:23.080401
0.0,16:09:23.398559
0.0,16:09:23.710589
0.0,16:09:24.055967
0.0,16:09:24.367187
0.0,16:09:24.673904
0.0,16:09:24.985759
0.0,16:09:25.311262
0.0,16:09:25.624007
0.0,16:09:25.941053
0.0,16:09:26.255995
0.0,16:09:26.572154
0.0,16:09:26.897133
0.0,16:09:27.209586
0.0,16:09:27.520422
0.0,16:09:27.842111
0.0,16:09:28.153974
0.0,16:09:28.460346
0.0,16:09:28.779034
0.0,16:09:29.085067
0.0,16:09:29.400115
0.0,16:09:29.720770
0.0,16:09:30.035554
0.0,16:09:30.342520
0.0,16:09:30.651317
0.0,16:09:30.965731
0.0,16:09:31.275585
0.0,16:09:31.593905
0.0,16:09:31.929425
0.0,16:09:32.245215
0.0,16:09:32.561171
0.0,16:09:32.871005
0.0,16:09:33.179656
0.0,16:09:33.492225
0.0,16:09:33.802683
0.0,16:09:34.110477
0.0,16:09:34.419049
0.0,16:09:34.726372
0.0,16:09:35.038222
0.0,16:09:35.354149
0.0,16:09:35.659761
0.0,16:09:35.968068
0.0,16:09:36.274485
0.0,16:09:36.580322
0.0,16:09:36.898594
0.0,16:09:37.204697
0.0,16:09:37.510598
0.0,16:09:37.822039
0.0,16:09:38.141127
0.0,16:09:38.446289
0.0,16:09:38.776136
0.0,16:09:39.097097
0.0,16:09:39.423130
0.0,16:09:39.742754
0.0,16:09:40.047498
0.0,16:09:40.353443
0.0,16:09:40.663458
0.0,16:09:40.969716
0.0,16:09:41.276419
0.0,16:09:41.591477
0.0,16:09:41.898580
0.0,16:09:42.205764
0.0,16:09:42.514710
0.0,16:09:42.820606
0.0,16:09:43.136023
0.0,16:09:43.445026
0.0,16:09:43.751029
0.0,16:09:44.060007
0.0,16:09:44.370165
0.0,16:09:44.678597
0.0,16:09:45.002467
0.0,16:09:45.327113
0.0,16:09:45.634002
0.0,16:09:45.941525
0.0,16:09:46.259463
0.0,16:09:46.565995
0.0,16:09:46.873386
0.0,16:09:47.182731
0.0,16:09:47.489344
0.0,16:09:47.796772
0.0,16:09:48.102212
0.0,16:09:48.412082
0.0,16:09:48.743290
0.0,16:09:49.056130
0.0,16:09:49.366190
0.0,16:09:49.682537
0.0,16:09:49.993452
0.0,16:09:50.304066
0.0,16:09:50.615216
0.0,16:09:50.936745
0.0,16:09:51.255136
0.0,16:09:51.560942
0.0,16:09:51.866229
0.0,16:09:52.182966
0.0,16:09:52.509874
0.0,16:09:52.818830
0.0,16:09:53.131516
0.0,16:09:53.462062
0.0,16:09:53.773423
0.0,16:09:54.081325
0.0,16:09:54.395795
0.0,16:09:54.711188
0.0,16:09:55.030965
0.0,16:09:55.342819
0.0,16:09:55.652492
0.0,16:09:55.967548
0.0,16:09:56.284690
0.0,16:09:56.590425
0.0,16:09:56.897658
0.0,16:09:57.208725
0.0,16:09:57.516375
0.0,16:09:57.836630
0.0,16:09:58.152395
0.0,16:09:58.459489
0.0,16:09:58.773523
0.0,16:09:59.095970
0.0,16:09:59.408708
0.0,16:09:59.720675
0.0,16:10:00.028481
0.0,16:10:00.334241
0.0,16:10:00.645366
0.0,16:10:00.958895
0.0,16:10:01.263858
0.0,16:10:01.568891
0.0,16:10:01.880332
0.0,16:10:02.187673
0.0,16:10:02.499221
0.0,16:10:02.807267
0.0,16:10:03.114919
0.0,16:10:03.437601
0.0,16:10:03.752738
0.0,16:10:04.059122
0.0,16:10:04.368733
0.0,16:10:04.696473
0.0,16:10:05.029686
0.0,16:10:05.342672
0.0,16:10:05.649927
0.0,16:10:05.967821
0.0,16:10:06.292048
0.0,16:10:06.605998
0.0,16:10:06.920257
0.0,16:10:07.242673
0.0,16:10:07.558003
0.0,16:10:07.867117
0.0,16:10:08.175391
0.0,16:10:08.482886
0.0,16:10:08.790851
0.0,16:10:09.108443
0.0,16:10:09.420726
0.0,16:10:09.730654
0.0,16:10:10.038988
0.0,16:10:10.356443
0.0,16:10:10.688130
0.0,16:10:10.995503
0.0,16:10:11.302874
0.0,16:10:11.625315
0.0,16:10:11.946805
0.0,16:10:12.272278
0.0,16:10:12.579369
0.0,16:10:12.887252
0.0,16:10:13.208957
0.0,16:10:13.519638
0.0,16:10:13.832369
0.0,16:10:14.140456
0.0,16:10:14.446569
0.0,16:10:14.762394
0.0,16:10:15.077548
0.0,16:10:15.391274
0.0,16:10:15.713024
0.0,16:10:16.028357
0.0,16:10:16.335295
0.0,16:10:16.642053
0.0,16:10:16.950322
0.0,16:10:17.264921
0.0,16:10:17.592554
0.0,16:10:17.916955
0.0,16:10:18.230211
0.0,16:10:18.534737
0.0,16:10:18.842915
0.0,16:10:19.150518
0.0,16:10:19.456677
0.0,16:10:19.784092
0.0,16:10:20.105001
0.0,16:10:20.421562
0.0,16:10:20.747617
0.0,16:10:21.083972
0.0,16:10:21.409550
0.0,16:10:21.715826
0.0,16:10:22.025289
0.0,16:10:22.346499
0.0,16:10:22.662313
0.0,16:10:22.969408
0.0,16:10:23.278934
0.0,16:10:23.587142
0.0,16:10:23.897086
0.0,16:10:24.213261
0.0,16:10:24.523053
0.0,16:10:24.829562
0.0,16:10:25.137741
0.0,16:10:25.450190
0.0,16:10:25.756452
0.0,16:10:26.062799
0.0,16:10:26.380749
0.0,16:10:26.700840
0.0,16:10:27.008516
0.0,16:10:27.314637
0.0,16:10:27.640126
0.0,16:10:27.950535
0.0,16:10:28.257465
0.0,16:10:28.566129
0.0,16:10:28.870273
0.0,16:10:29.184568
0.0,16:10:29.506614
0.0,16:10:29.822303
0.0,16:10:30.137470
0.0,16:10:30.446936
0.0,16:10:30.753937
0.0,16:10:31.078826
0.0,16:10:31.401977
0.0,16:10:31.718656
0.0,16:10:32.041633
0.0,16:10:32.364487
0.0,16:10:32.674536
0.0,16:10:32.978819
0.0,16:10:33.289964
0.0,16:10:33.600868
0.0,16:10:33.910842
0.0,16:10:35.034004
0.0,16:10:35.333841
0.0,16:10:35.653125
0.0,16:10:35.969688
0.0,16:10:36.305191
0.0,16:10:36.612249
0.0,16:10:36.921665
0.0,16:10:37.236030
0.0,16:10:37.543191
0.0,16:10:37.850929
0.0,16:10:38.168912
0.0,16:10:38.477037
0.0,16:10:38.789391
0.0,16:10:39.119148
0.0,16:10:39.428258
0.0,16:10:39.734403
0.0,16:10:40.073034
0.0,16:10:40.400780
0.0,16:10:40.715900
0.0,16:10:41.030035
0.0,16:10:41.347193
0.0,16:10:41.660388
0.0,16:10:41.973431
0.0,16:10:42.279644
0.0,16:10:42.589997
0.0,16:10:42.903012
0.0,16:10:43.207326
0.0,16:10:43.512493
0.0,16:10:43.827258
0.0,16:10:44.153150
0.0,16:10:44.472706
0.0,16:10:44.777829
0.0,16:10:45.083303
0.0,16:10:45.419071
0.0,16:10:45.740753
0.0,16:10:46.047996
0.0,16:10:46.362078
0.0,16:10:46.676902
0.0,16:10:46.989230
0.0,16:10:47.298449
0.0,16:10:47.620107
0.0,16:10:47.924224
0.0,16:10:48.230307
0.0,16:10:48.554708
0.0,16:10:48.865673
0.0,16:10:49.172617
0.0,16:10:49.480490
0.0,16:10:49.786242
0.0,16:10:50.100641
0.0,16:10:50.436320
0.0,16:10:50.766167
0.0,16:10:51.085227
0.0,16:10:51.416593
0.0,16:10:51.733358
0.0,16:10:52.059328
0.0,16:10:52.378958
0.0,16:10:52.696103
0.0,16:10:53.012895
0.0,16:10:53.329482
0.0,16:10:53.641576
0.0,16:10:53.965947
0.0,16:10:54.279764
0.0,16:10:54.602150
0.0,16:10:54.916053
0.0,16:10:55.230643
0.0,16:10:55.546507
0.0,16:10:55.852670
0.0,16:10:56.157352
0.0,16:10:56.467636
0.0,16:10:56.775643
0.0,16:10:57.080389
0.0,16:10:57.390022
0.0,16:10:57.700504
0.0,16:10:58.012803
0.0,16:10:58.333534
0.0,16:10:58.676745
0.0,16:10:58.993072
0.0,16:10:59.302315
0.0,16:10:59.616920
0.0,16:10:59.944379
0.0,16:11:00.272551
0.0,16:11:00.580705
0.0,16:11:00.890766
0.0,16:11:01.221095
0.0,16:11:01.538122
0.0,16:11:01.855199
0.0,16:11:02.176513
0.0,16:11:02.479618
0.0,16:11:02.778804
0.0,16:11:03.082659
0.0,16:11:03.397825
0.0,16:11:03.722559
0.0,16:11:04.039648
0.0,16:11:04.513706
0.0,16:11:04.824880
0.0,16:11:05.162794
0.0,16:11:05.473382
0.0,16:11:05.794787
0.0,16:11:06.117030
0.0,16:11:06.443010
0.0,16:11:06.749123
0.0,16:11:07.063477
0.0,16:11:07.384688
0.0,16:11:07.700841
0.0,16:11:08.021549
0.0,16:11:08.336439
0.0,16:11:08.648667
0.0,16:11:08.961083
0.0,16:11:09.268027
0.0,16:11:09.578556
0.0,16:11:09.897310
0.0,16:11:10.209741
0.0,16:11:10.532670
0.0,16:11:10.859517
0.0,16:11:11.171653
0.0,16:11:11.506370
0.0,16:11:11.810822
0.0,16:11:12.115718
0.0,16:11:12.427214
0.0,16:11:12.734936
0.0,16:11:13.040904
0.0,16:11:13.346526
0.0,16:11:13.650340
0.0,16:11:13.954663
0.0,16:11:14.257222
0.0,16:11:16.824821
0.0,16:13:59.119378
0.0,16:13:59.424991
0.0,16:13:59.730844
0.0,16:14:00.043247
0.0,16:14:00.353359
0.0,16:14:00.660953
0.0,16:14:00.974180
0.0,16:14:01.291435
0.0,16:14:01.600818
0.0,16:14:01.913695
0.0,16:14:02.230494
0.0,16:14:02.540157
0.0,16:14:02.855515
0.0,16:14:03.165539
0.0,16:14:03.472518
0.0,16:14:03.794942
0.0,16:14:04.104391
0.0,16:14:04.410433
0.0,16:14:04.722321
0.0,16:14:05.033672
0.0,16:14:05.346738
0.0,16:14:05.655853
0.0,16:14:05.969239
0.0,16:14:06.276368
0.0,16:14:06.583642
0.0,16:14:06.912420
0.0,16:14:07.223544
0.0,16:14:07.530229
0.0,16:14:07.839500
0.0,16:14:08.146126
0.0,16:14:08.455349
0.0,16:14:08.765609
0.0,16:14:09.072513
0.0,16:14:09.383270
0.0,16:14:09.693797
0.0,16:14:10.000007
0.0,16:14:10.318458
0.0,16:14:10.626070
0.0,16:14:10.936333
0.0,16:14:11.251122
0.0,16:14:11.561195
0.0,16:14:11.872063
0.0,16:14:12.207623
0.0,16:14:12.528165
0.0,16:14:12.846435
0.0,16:14:13.163110
0.0,16:14:13.479480
0.0,16:14:13.793051
0.9333333333333333,16:14:14.105637
1.0,16:14:14.412573
1.1,16:14:14.721493
2.8666666666666667,16:14:15.028805
5.633333333333334,16:14:15.346940
6.0,16:14:15.654187
6.433333333333334,16:14:15.960109
6.933333333333334,16:14:16.272647
7.0,16:14:16.578443
6.833333333333333,16:14:16.885071
0.0,16:31:51.635608
0.0,16:31:51.968260
0.0,16:31:52.324661
0.0,16:31:52.679915
0.0,16:31:53.017702
0.0,16:31:53.337172
0.0,16:31:53.663675
0.0,16:31:53.985616
0.0,16:31:54.308492
0.0,16:31:54.635022
0.0,16:31:54.967841
0.0,16:31:55.290163
0.0,16:31:55.610769
0.0,16:31:55.941884
0.0,16:31:56.263633
0.0,16:31:56.585745
0.0,16:31:56.911826
0.0,16:31:57.248536
0.0,16:31:57.600083
0.0,16:31:57.944279
0.0,16:31:58.279173
0.0,16:31:58.617302
0.0,16:31:58.952688
0.0,16:31:59.286219
0.0,16:31:59.604987
0.0,16:31:59.923098
0.0,16:32:00.242033
0.0,16:32:00.559459
0.0,16:32:00.879267
0.0,16:32:01.201014
0.0,16:32:01.520504
0.0,16:32:01.839268
0.0,16:32:02.159598
0.0,16:32:02.482551
0.0,16:32:02.805366
0.0,16:32:03.129777
0.0,16:32:03.454056
0.0,16:32:03.777820
0.0,16:32:04.099528
0.0,16:32:04.422684
0.0,16:32:04.748322
0.0,16:32:05.069739
0.0,16:32:05.397926
0.0,16:32:05.723311
0.0,16:32:06.051060
0.0,16:32:06.383275
0.0,16:32:06.706351
0.0,16:32:07.034501
0.0,16:32:07.358545
0.0,16:32:07.684718
0.0,16:32:08.016674
0.0,16:32:08.368787
0.0,16:32:08.720073
0.0,16:32:09.070586
0.0,16:32:09.426584
0.0,16:32:09.792282
0.0,16:32:10.152475
0.0,16:32:10.506349
0.0,16:32:10.859878
0.0,16:32:11.200714
0.0,16:32:11.554454
0.0,16:32:11.908341
0.0,16:32:12.252519
0.0,16:32:12.602725
0.0,16:32:12.927407
0.0,16:32:13.253781
0.0,16:32:13.576842
0.0,16:32:13.898233
0.0,16:32:14.222012
0.0,16:32:14.539343
0.0,16:32:14.866081
0.0,16:32:15.188038
0.0,16:32:15.532563
0.0,16:32:15.891869
0.0,16:32:16.208092
0.0,16:32:16.543846
0.0,16:32:16.867419
0.0,16:32:17.195572
0.0,16:32:17.515508
0.0,16:32:17.869024
0.0,16:32:18.226373
0.0,16:32:18.563139
0.0,16:32:18.891285
0.0,16:32:19.230126
0.0,16:32:19.578023
0.0,16:32:19.930533
0.0,16:32:20.291363
0.0,16:32:20.638720
0.0,16:32:20.981808
0.0,16:32:21.318426
0.0,16:32:21.669950
0.0,16:32:21.993189
0.0,16:32:22.335829
0.0,16:32:22.637257
0.0,16:32:22.962760
0.0,16:32:23.286087
0.0,16:32:23.605953
0.0,16:32:23.949135
0.0,16:32:24.296476
0.0,16:32:24.648122
0.0,16:32:24.993603
0.0,16:32:25.338264
0.0,16:32:25.703019
0.0,16:32:26.048389
0.0,16:32:26.415080
0.0,16:32:26.753200
0.0,16:32:27.097424
0.0,16:32:27.440436
0.0,16:32:27.778460
0.0,16:32:28.126897
0.0,16:32:28.470501
0.0,16:32:28.831681
0.0,16:32:29.185970
0.0,16:32:29.529459
0.0,16:32:29.883346
0.0,16:32:30.232053
0.0,16:32:30.573026
0.0,16:32:30.919441
0.0,16:32:31.282402
0.0,16:32:31.632149
0.0,16:32:31.953582
0.0,16:32:32.272409
0.0,16:32:32.595816
0.0,16:32:32.915331
0.0,16:32:33.244299
0.0,16:32:33.564500
0.0,16:32:33.889642
0.0,16:32:34.209016
0.0,16:32:34.535411
0.0,16:32:34.856549
0.0,16:32:35.177646
0.0,16:32:35.498262
0.0,16:32:35.823686
0.0,16:32:36.147099
0.0,16:32:36.476680
0.0,16:32:36.800031
0.0,16:32:37.129529
0.0,16:32:37.465938
0.0,16:32:37.787551
0.0,16:32:38.109252
0.0,16:32:38.433217
0.0,16:32:38.758470
0.0,16:32:39.090486
0.0,16:32:39.411743
0.0,16:32:39.748442
0.0,16:32:40.064719
0.0,16:32:40.382203
0.0,16:32:40.701989
0.0,16:32:41.024127
0.0,16:32:41.344386
0.0,16:32:41.689401
0.0,16:32:42.017092
0.0,16:32:42.349925
0.0,16:32:42.692288
0.0,16:32:43.018307
0.0,16:32:43.360876
0.0,16:32:43.705846
0.0,16:32:44.035208
0.0,16:32:44.356974
0.0,16:32:44.670807
0.0,16:32:44.988407
0.0,16:32:45.320396
0.0,16:32:45.662300
0.0,16:32:45.992281
0.0,16:32:46.320709
0.0,16:32:46.664062
0.0,16:32:46.998085
0.0,16:32:47.314381
0.0,16:32:47.641141
0.0,16:32:47.971875
0.0,16:32:48.294501
0.0,16:32:48.617143
0.0,16:32:48.937246
0.0,16:32:49.267370
0.0,16:32:49.592456
0.0,16:32:49.933211
0.0,16:32:50.258711
0.0,16:32:50.592017
0.0,16:32:50.913929
0.0,16:32:51.247928
0.0,16:32:51.583876
0.0,16:32:51.903657
0.0,16:32:52.228852
0.0,16:32:52.551432
0.0,16:32:52.869145
0.0,16:32:53.207712
0.0,16:32:53.540564
0.0,16:32:53.878591
0.0,16:32:54.221658
0.0,16:32:54.565529
0.0,16:32:54.904781
0.0,16:32:55.251904
0.0,16:32:55.601521
0.0,16:32:55.954164
0.0,16:32:56.308262
0.0,16:32:56.667321
0.0,16:32:57.035984
0.0,16:32:57.394670
0.0,16:32:57.761851
0.0,16:32:58.136247
0.0,16:32:58.499492
0.0,16:32:58.888193
0.0,16:32:59.254166
0.0,16:32:59.608074
0.0,16:32:59.969111
0.0,16:33:00.328658
0.0,16:33:00.701923
0.0,16:36:31.829681
0.0,16:36:32.140594
0.0,16:36:32.467900
0.0,16:36:32.796062
0.0,16:36:33.114355
0.0,16:36:33.436205
0.0,16:36:33.755104
0.0,16:36:34.073541
0.0,16:36:34.386394
0.0,16:36:34.707134
0.0,16:36:35.025558
0.0,16:36:35.344816
0.0,16:36:35.670934
0.0,16:36:35.992113
0.0,16:36:36.304463
0.0,16:36:36.626785
0.0,16:36:36.948283
0.0,16:36:37.265645
0.0,16:36:37.591095
0.0,16:36:37.912025
0.0,16:36:38.242333
0.0,16:36:38.564361
0.0,16:36:38.877332
0.0,16:36:39.197138
0.0,16:36:39.509062
0.0,16:36:39.825123
0.0,16:36:40.141396
0.0,16:36:40.466339
0.0,16:36:40.795563
0.0,16:36:41.108801
0.0,16:36:41.430039
0.0,16:36:41.751669
0.0,16:36:42.068828
0.0,16:36:42.384984
0.0,16:41:24.789326
0.0,16:41:25.098110
0.0,16:41:25.408691
0.0,16:41:25.721293
0.0,16:41:26.036318
0.0,16:41:26.359784
0.0,16:41:26.676348
0.0,16:41:26.994779
0.0,16:41:27.310897
0.0,16:41:27.634053
0.0,16:41:27.948917
0.0,16:41:28.270900
0.0,16:41:28.598840
0.0,16:41:28.915053
0.0,16:41:29.233247
0.0,16:41:29.547566
0.0,16:41:29.873654
0.0,16:41:30.205892
0.0,16:41:30.509784
0.0,16:41:30.820092
0.0,16:41:31.130146
0.0,16:41:31.449722
0.0,16:41:31.775110
0.0,16:41:32.085602
0.0,16:41:32.396830
0.0,16:41:32.717050
0.0,16:41:33.040338
0.0,16:41:33.350474
0.0,16:41:33.670236
0.0,16:41:33.984087
0.0,16:41:34.294012
0.0,16:41:34.610765
0.0,16:41:34.925283
0.0,16:41:35.236980
0.0,16:41:35.558097
0.0,16:41:35.874798
0.0,16:41:36.191307
0.0,16:41:36.512871
0.0,16:41:36.834539
0.0,16:41:37.145298
0.0,16:41:37.456811
