12,19:43:40.594919,2019-11-27 19:43:39.915224
12,19:43:40.595489,2019-11-27 19:43:39.917226
19,19:43:40.790782,2019-11-27 19:43:40.113269
11,19:43:40.899513,2019-11-27 19:43:40.222293
00,19:43:40.936856,2019-11-27 19:43:40.260302
06,19:43:42.879698,2019-11-27 19:43:42.202956
11,19:43:42.988526,2019-11-27 19:43:42.310980
18,19:43:43.169599,2019-11-27 19:43:42.493022
23,19:43:43.384722,2019-11-27 19:43:42.707070
18,19:43:43.917134,2019-11-27 19:43:43.240252
13,19:43:44.177564,2019-11-27 19:43:43.501315
18,19:43:44.825810,2019-11-27 19:43:44.148949
24,19:44:01.298863,2019-11-27 19:44:00.620954
29,19:44:01.492831,2019-11-27 19:44:00.815513
34,19:44:01.761860,2019-11-27 19:44:01.085585
39,19:44:02.068268,2019-11-27 19:44:01.391653
44,19:44:02.373830,2019-11-27 19:44:01.694824
49,19:44:02.735732,2019-11-27 19:44:02.036900
54,19:44:03.575212,2019-11-27 19:44:02.899094
59,19:44:03.952630,2019-11-27 19:44:03.275178
64,19:44:04.362409,2019-11-27 19:44:03.686271
69,19:44:04.770806,2019-11-27 19:44:04.094244
74,19:44:05.726419,2019-11-27 19:44:05.049969
79,19:44:06.232025,2019-11-27 19:44:05.555438
74,19:44:06.815969,2019-11-27 19:44:06.133604
69,19:44:07.055077,2019-11-27 19:44:06.378606
64,19:44:07.333667,2019-11-27 19:44:06.656744
28,19:44:07.508607,2019-11-27 19:44:06.832297
23,19:44:07.578072,2019-11-27 19:44:06.902312
17,19:44:07.650066,2019-11-27 19:44:06.974328
01,12:05:48.538025,2019-11-28 12:05:59.237656
06,12:05:56.648512,2019-11-28 12:06:07.346514
12,12:05:57.017720,2019-11-28 12:06:07.718720
17,12:05:57.410820,2019-11-28 12:06:08.112678
00,12:05:57.533161,2019-11-28 12:06:08.233344
05,12:06:01.743406,2019-11-28 12:06:12.443945
010,12:06:03.426966,2019-11-28 12:06:14.126930
15,12:06:04.595968,2019-11-28 12:06:15.295804
00,12:06:05.244801,2019-11-28 12:06:15.945060
05,12:06:09.500959,2019-11-28 12:06:20.200205
010,12:06:11.225493,2019-11-28 12:06:21.884800
15,12:06:12.427700,2019-11-28 12:06:23.082371
00,12:06:13.056887,2019-11-28 12:06:23.757960
05,12:06:17.451290,2019-11-28 12:06:28.152161
010,12:06:19.204206,2019-11-28 12:06:29.905780
15,12:06:20.468054,2019-11-28 12:06:31.169432
00,12:06:21.029560,2019-11-28 12:06:31.731994
05,12:06:25.607928,2019-11-28 12:06:36.308754
010,12:06:27.405647,2019-11-28 12:06:38.107446
15,12:06:28.691677,2019-11-28 12:06:39.394041
00,12:06:29.263857,2019-11-28 12:06:39.966030
05,12:06:33.962793,2019-11-28 12:06:44.664596
010,12:06:35.820133,2019-11-28 12:06:46.522227
15,12:06:37.101253,2019-11-28 12:06:47.802639
00,12:06:37.680105,2019-11-28 12:06:48.382175
05,12:06:42.418110,2019-11-28 12:06:53.120371
010,12:06:44.274484,2019-11-28 12:06:54.977651
15,12:06:45.565446,2019-11-28 12:06:56.267598
00,12:06:46.137086,2019-11-28 12:06:56.839662
05,12:06:51.006010,2019-11-28 12:07:01.708676
01,12:17:35.647140,2019-11-28 12:17:46.384385
07,12:17:42.830470,2019-11-28 12:17:53.569123
13,12:17:43.283907,2019-11-28 12:17:54.018924
20,12:17:43.873495,2019-11-28 12:17:54.610171
00,12:17:44.027349,2019-11-28 12:17:54.764767
05,12:17:48.798319,2019-11-28 12:17:59.537003
010,12:17:50.784114,2019-11-28 12:18:01.523099
15,12:17:52.142306,2019-11-28 12:18:02.876831
00,12:17:52.763301,2019-11-28 12:18:03.501961
05,12:17:57.571119,2019-11-28 12:18:08.309148
010,12:17:59.480385,2019-11-28 12:18:10.218100
15,12:18:00.814712,2019-11-28 12:18:11.553546
00,12:18:01.403081,2019-11-28 12:18:12.142329
05,12:18:06.182337,2019-11-28 12:18:16.921912
010,12:18:08.146761,2019-11-28 12:18:18.886623
15,12:18:09.503933,2019-11-28 12:18:20.243034
00,12:18:10.184177,2019-11-28 12:18:20.844946
05,12:18:14.942409,2019-11-28 12:18:25.681719
010,12:18:16.900889,2019-11-28 12:18:27.640741
15,12:18:18.258572,2019-11-28 12:18:28.998891
00,12:18:18.905313,2019-11-28 12:18:29.645536
05,12:18:24.164174,2019-11-28 12:18:34.903999
010,12:18:26.298126,2019-11-28 12:18:37.038323
15,12:18:27.651583,2019-11-28 12:18:38.389121
00,12:18:28.302590,2019-11-28 12:18:39.042374
05,12:18:33.157862,2019-11-28 12:18:43.898751
010,12:18:35.097292,2019-11-28 12:18:45.838774
15,12:18:36.444496,2019-11-28 12:18:47.185085
00,12:18:37.062546,2019-11-28 12:18:47.802378
05,12:18:41.887161,2019-11-28 12:18:52.629107
0,11:30:27.536665,2019-12-22 130:30.693656
08,11:30:29.158970,2019-12-22 130:30.69365613
05,11:30:35.191052,2019-12-22 130:38.695035
010,11:30:35.499850,2019-12-22 130:39.014184
15,11:30:36.011384,2019-12-22 130:39.384163
20,11:30:36.242909,2019-12-22 130:39.751604
15,11:31:05.562586,2019-12-22 1305.63855810
05,11:31:27.651621,2019-12-22 1331.167359
010,11:31:28.023891,2019-12-22 1331.539175
15,11:31:28.375482,2019-12-22 1331.889493
20,11:31:28.756965,2019-12-22 1332.271472
25,11:31:29.613391,2019-12-22 1333.129328
20,11:31:32.390314,2019-12-22 1335.906428
15,11:31:36.442302,2019-12-22 1339.940651
10,11:31:41.446182,2019-12-22 1340.32262905
05,11:31:42.199861,2019-12-22 1345.579733
010,11:31:42.415160,2019-12-22 1345.929307
15,11:31:42.852496,2019-12-22 1346.279370
20,11:31:43.149361,2019-12-22 1346.662996
25,11:31:46.907643,2019-12-22 1347.53108220
15,11:32:09.035128,2019-12-22 132:12.552046
010,11:32:09.223179,2019-12-22 132:12.736553
05,11:32:09.386849,2019-12-22 132:12.903109
00,11:32:09.553615,2019-12-22 132:13.062681
05,11:32:10.228998,2019-12-22 132:13.745643
010,11:32:10.572051,2019-12-22 132:14.088727
15,11:32:10.938151,2019-12-22 132:14.454746
20,11:32:11.309285,2019-12-22 132:14.825264
25,11:32:12.204818,2019-12-22 132:15.720468
20,11:32:14.782287,2019-12-22 132:18.298414
0,11:42:40.946157,2019-12-22 142:44.385230
09,11:42:47.485180,2019-12-22 142:44.38523014
06,11:42:47.719692,2019-12-22 142:51.241766
11,11:42:48.040312,2019-12-22 142:51.562227
16,11:42:48.408231,2019-12-22 142:51.927755
21,11:42:48.769927,2019-12-22 142:52.284802
26,11:42:49.617820,2019-12-22 142:53.139480
31,11:42:49.959958,2019-12-22 142:53.482077
36,11:42:50.379438,2019-12-22 142:53.899959
41,11:42:50.830956,2019-12-22 142:54.350895
46,11:42:51.788593,2019-12-22 142:55.308832
51,11:42:52.336192,2019-12-22 142:55.857379
56,11:42:52.935444,2019-12-22 142:56.456774
61,11:42:53.563526,2019-12-22 142:57.082103
66,11:42:54.216635,2019-12-22 142:57.737934
71,11:42:55.644201,2019-12-22 142:59.165447
76,11:42:56.617499,2019-12-22 143:00.135405
81,11:42:57.621642,2019-12-22 143:01.142059
86,11:42:58.649631,2019-12-22 143:02.168217
34,11:42:59.405118,2019-12-22 143:02.926896
28,11:42:59.462545,2019-12-22 143:02.983743
23,11:42:59.519304,2019-12-22 143:03.040591
18,11:43:00.008026,2019-12-22 143:03.530282
13,11:43:00.125754,2019-12-22 143:03.644693
08,11:43:00.422914,2019-12-22 143:03.944868
03,11:43:00.907582,2019-12-22 143:04.427966
08,11:43:02.389864,2019-12-22 143:05.912265
13,11:43:02.777842,2019-12-22 143:06.293247
18,11:43:03.151359,2019-12-22 143:06.673230
23,11:43:03.509439,2019-12-22 143:07.031111
0,11:46:01.157866,2019-12-22 146:04.681502
08,11:46:01.165284,2019-12-22 146:04.681502
13,11:46:01.297844,2019-12-22 146:04.803177
00,11:46:01.405989,2019-12-22 146:04.899919
05,11:46:08.545096,2019-12-22 146:12.068754
010,11:46:09.503992,2019-12-22 146:13.024178
15,11:46:10.689441,2019-12-22 146:14.212478
20,11:46:12.026492,2019-12-22 146:15.550499
25,11:46:21.325948,2019-12-22 146:17.262324
30,11:46:21.327825,2019-12-22 146:19.982473
25,11:46:21.329873,2019-12-22 146:23.759148
20,11:46:21.549449,2019-12-22 146:24.409965
15,11:46:21.590394,2019-12-22 146:25.108115
10,11:46:22.327894,2019-12-22 146:25.850018
05,11:46:23.144295,2019-12-22 146:26.664267
00,11:46:24.533352,2019-12-22 146:27.200348
05,11:46:27.673941,2019-12-22 146:31.173046
010,11:46:28.733547,2019-12-22 146:32.256797
15,11:46:30.016517,2019-12-22 146:33.540383
00,11:46:30.136857,2019-12-22 146:33.601220
05,11:46:33.274904,2019-12-22 146:36.798344
010,11:46:34.255868,2019-12-22 146:37.778911
15,11:46:35.517247,2019-12-22 146:39.041030
20,11:46:37.038021,2019-12-22 146:40.562030
25,11:46:38.938703,2019-12-22 146:42.462742
30,11:46:42.326763,2019-12-22 146:45.850861
35,11:46:49.687682,2019-12-22 146:53.212301
30,11:46:55.733803,2019-12-22 146:55.841167
25,11:46:55.734477,2019-12-22 146:56.460924
20,11:46:56.498313,2019-12-22 146:57.05464715
0,12:05:06.360082,2019-12-22 12:05:09.891039
06,12:05:06.391785,2019-12-22 12:05:09.891039
11,12:05:06.546574,2019-12-22 12:05:10.018698
00,12:05:06.934197,2019-12-22 12:05:10.17129005
05,12:05:07.321586,2019-12-22 12:05:10.61211100
06,12:05:27.992870,2019-12-22 12:05:31.525579
11,12:05:28.152070,2019-12-22 12:05:31.681163
16,12:05:28.281302,2019-12-22 12:05:31.813808
21,12:05:28.562193,2019-12-22 12:05:31.960415
14,12:05:28.567041,2019-12-22 12:05:32.01925801
06,12:05:37.778870,2019-12-22 12:05:41.251042
11,12:05:38.370435,2019-12-22 12:05:41.600108
16,12:05:56.520666,2019-12-22 12:05:41.95017211
06,12:05:56.521102,2019-12-22 12:05:52.30640911
06,12:05:56.525714,2019-12-22 12:05:55.98690601
16,12:05:56.676509,2019-12-22 12:06:00.209190
11,12:05:58.737446,2019-12-22 12:06:00.53908306
06,12:07:38.865927,2019-12-22 12:07:42.399379
11,12:07:39.188560,2019-12-22 12:07:42.722255
06,12:07:40.019663,2019-12-22 12:07:43.552822
01,12:07:40.192830,2019-12-22 12:07:43.726358
06,12:07:40.965809,2019-12-22 12:07:44.498981
11,12:07:41.296101,2019-12-22 12:07:44.829903
16,12:07:41.653671,2019-12-22 12:07:45.186946
11,12:07:42.223813,2019-12-22 12:07:45.755517
06,12:07:42.421628,2019-12-22 12:07:45.954983
01,12:07:42.610325,2019-12-22 12:07:46.125230
06,12:07:43.744927,2019-12-22 12:07:47.173008
11,12:07:44.285319,2019-12-22 12:07:47.516252
06,12:07:44.787600,2019-12-22 12:07:48.264250
0,12:09:25.359571,2019-12-22 12:09:28.893542
08,12:09:25.402404,2019-12-22 12:09:28.893542
13,12:09:25.475216,2019-12-22 12:09:29.003248
18,12:09:25.651593,2019-12-22 12:09:29.164816
00,12:09:25.677897,2019-12-22 12:09:29.185761
05,12:09:25.785765,2019-12-22 12:09:29.317408
00,12:09:26.070106,2019-12-22 12:09:29.602645
07,12:09:32.955651,2019-12-22 12:09:36.490333
12,12:09:33.085991,2019-12-22 12:09:36.620388
00,12:09:33.197640,2019-12-22 12:09:36.709151
05,12:09:33.305183,2019-12-22 12:09:36.839802
010,12:09:33.457021,2019-12-22 12:09:36.992394
15,12:09:33.610586,2019-12-22 12:09:37.145983
09,12:09:33.708952,2019-12-22 12:09:37.20981100
05,12:09:38.169294,2019-12-22 12:09:41.703452
010,12:09:39.279277,2019-12-22 12:09:42.812903
15,12:09:40.725748,2019-12-22 12:09:44.257501
00,12:09:40.818873,2019-12-22 12:09:44.346768
05,12:09:44.092462,2019-12-22 12:09:47.613516
010,12:09:45.160305,2019-12-22 12:09:48.694625
15,12:09:46.629598,2019-12-22 12:09:50.164202
00,12:09:46.696110,2019-12-22 12:09:50.230025
05,12:09:49.972139,2019-12-22 12:09:53.507366
010,12:09:51.062895,2019-12-22 12:09:54.598339
15,12:09:53.458926,2019-12-22 12:09:56.056782
20,12:09:55.792951,2019-12-22 12:09:57.921145
05,12:09:58.310980,2019-12-22 12:10:01.629398
010,12:09:59.190022,2019-12-22 12:10:02.723999
15,12:10:00.641621,2019-12-22 12:10:04.175268
00,12:10:00.758192,2019-12-22 12:10:04.263033
0,12:25:02.328687,2019-12-22 12:25:03.00304606
06,12:25:05.163033,2019-12-22 12:25:08.703660
11,12:25:05.384494,2019-12-22 12:25:08.832317
16,12:25:05.507319,2019-12-22 12:25:08.98030800
05,12:25:09.613807,2019-12-22 12:25:13.154876
010,12:25:10.692553,2019-12-22 12:25:14.233958
15,12:25:12.146161,2019-12-22 12:25:15.687714
00,12:25:12.259048,2019-12-22 12:25:15.757529
05,12:25:15.474745,2019-12-22 12:25:19.015385
010,12:25:16.545316,2019-12-22 12:25:20.086846
15,12:25:17.994536,2019-12-22 12:25:21.536473
00,12:25:18.077747,2019-12-22 12:25:21.591324
05,12:25:21.307697,2019-12-22 12:25:24.849418
010,12:25:22.376085,2019-12-22 12:25:25.916005
15,12:25:23.826289,2019-12-22 12:25:27.368879
00,12:25:23.917061,2019-12-22 12:25:27.424729
05,12:25:27.138451,2019-12-22 12:25:30.680337
010,12:25:28.219361,2019-12-22 12:25:31.761374
15,12:25:29.664922,2019-12-22 12:25:33.206796
00,12:25:29.756158,2019-12-22 12:25:33.265640
05,12:25:35.274541,2019-12-22 12:25:36.515469
010,12:25:41.647355,2019-12-22 12:25:37.59184715
20,12:25:42.760905,2019-12-22 12:25:46.221996
00,12:25:43.059743,2019-12-22 12:25:46.389824
05,12:26:04.784387,2019-12-22 12:26:08.326974
010,12:26:05.867764,2019-12-22 12:26:09.410370
15,12:26:07.315270,2019-12-22 12:26:10.857428
00,12:26:07.401000,2019-12-22 12:26:10.911283
05,12:26:12.249965,2019-12-22 12:26:15.689464
010,12:26:17.100677,2019-12-22 12:26:16.778328
0,12:49:30.951771,2019-12-22 12:49:34.541561
06,12:49:30.953971,2019-12-22 12:49:34.541561
11,12:49:31.085027,2019-12-22 12:49:34.672210
00,12:49:31.166718,2019-12-22 12:49:34.738034
05,12:49:31.280125,2019-12-22 12:49:34.869682
010,12:49:31.420619,2019-12-22 12:49:35.010306
15,12:49:31.564114,2019-12-22 12:49:35.153922
00,12:49:31.626057,2019-12-22 12:49:35.204787
05,12:49:48.117017,2019-12-22 12:49:51.704729
010,12:49:48.228189,2019-12-22 12:49:51.814435
15,12:49:48.384314,2019-12-22 12:49:51.973010
00,12:49:48.509657,2019-12-22 12:49:52.052798
05,12:49:51.069145,2019-12-22 12:49:54.653046
010,12:49:51.141890,2019-12-22 12:49:54.730837
15,12:49:51.254408,2019-12-22 12:49:54.843537
00,12:49:51.424773,2019-12-22 12:49:54.938283
05,12:49:53.942936,2019-12-22 12:49:57.533552
010,12:49:54.024857,2019-12-22 12:49:57.612341
15,12:49:54.120598,2019-12-22 12:49:57.710079
00,12:49:54.266231,2019-12-22 12:49:57.804827
05,12:49:56.806054,2019-12-22 12:50:00.395797
010,12:49:56.885257,2019-12-22 12:50:00.475584
15,12:49:56.994834,2019-12-22 12:50:00.585290
00,12:49:57.056815,2019-12-22 12:50:00.632165
05,12:49:59.626233,2019-12-22 12:50:03.216592
10,12:49:59.710709,2019-12-22 12:50:03.300874
15,12:49:59.805847,2019-12-22 12:50:03.397124
00,12:49:59.876583,2019-12-22 12:50:03.443999
05,12:50:02.433802,2019-12-22 12:50:06.019125
010,12:50:02.510838,2019-12-22 12:50:06.101411
010,12:50:02.516026,2019-12-22 12:50:06.101411
15,12:50:02.604552,2019-12-22 12:50:06.195160
00,12:50:02.686153,2019-12-22 12:50:06.249018
05,12:50:05.275114,2019-12-22 12:50:08.837315
10,12:50:05.331174,2019-12-22 12:50:08.920092
15,12:50:05.435950,2019-12-22 12:50:09.022818
00,12:50:05.528243,2019-12-22 12:50:09.085649
05,12:50:08.092349,2019-12-22 12:50:11.682211
10,12:50:08.170802,2019-12-22 12:50:11.761998
15,12:50:08.414977,2019-12-22 12:50:11.856744
20,12:50:08.446090,2019-12-22 12:50:11.991385
00,12:50:08.526006,2019-12-22 12:50:12.087634
05,12:50:11.081574,2019-12-22 12:50:14.672350
010,12:50:11.159845,2019-12-22 12:50:14.750141
15,12:50:11.254073,2019-12-22 12:50:14.844889
00,12:50:11.317346,2019-12-22 12:50:14.893759
05,12:50:13.902770,2019-12-22 12:50:17.490734
10,12:50:13.979611,2019-12-22 12:50:17.570520
15,12:50:14.074953,2019-12-22 12:50:17.665267
00,12:50:14.137386,2019-12-22 12:50:17.715134
06,12:50:16.784150,2019-12-22 12:50:20.314317
11,12:50:16.965624,2019-12-22 12:50:20.39709716
21,12:50:17.361440,2019-12-22 12:50:20.65241326
31,12:50:22.940691,2019-12-22 12:50:21.09822136
05,12:50:24.210376,2019-12-22 12:50:25.300757010
25,12:50:25.829053,2019-12-22 12:50:25.80441030
65,12:50:26.012840,2019-12-22 12:50:29.48581400
05,12:50:28.495875,2019-12-22 12:50:32.085833
10,12:50:28.586908,2019-12-22 12:50:32.174596
15,12:50:28.674187,2019-12-22 12:50:32.265352
15,12:50:28.675640,2019-12-22 12:50:32.265352
00,12:50:28.788622,2019-12-22 12:50:32.347134
05,12:50:31.351597,2019-12-22 12:50:34.941043
10,12:50:31.443319,2019-12-22 12:50:35.032799
15,12:50:31.722814,2019-12-22 12:50:35.125551
20,12:50:31.742388,2019-12-22 12:50:35.269976
00,12:50:31.864042,2019-12-22 12:50:35.380681
05,12:50:34.382746,2019-12-22 12:50:37.972663
10,12:50:34.473403,2019-12-22 12:50:38.064923
15,12:50:34.568065,2019-12-22 12:50:38.159670
00,12:50:34.637484,2019-12-22 12:50:38.209537
05,12:50:37.202641,2019-12-22 12:50:40.793721
10,12:50:37.294533,2019-12-22 12:50:40.885476
15,12:50:37.395791,2019-12-22 12:50:40.987204
00,12:50:37.457380,2019-12-22 12:50:41.034080
05,12:50:40.047611,2019-12-22 12:50:43.638616
010,12:50:40.120900,2019-12-22 12:50:43.712419
15,12:50:40.227680,2019-12-22 12:50:43.819133
00,12:50:40.288221,2019-12-22 12:50:43.864013
05,12:50:42.904264,2019-12-22 12:50:46.443147
11,12:50:42.945039,2019-12-22 12:50:46.533413
16,12:50:43.172876,2019-12-22 12:50:46.65060800
05,12:50:45.683402,2019-12-22 12:50:49.264644
010,12:50:45.857396,2019-12-22 12:50:49.338447
15,12:50:45.861674,2019-12-22 12:50:49.447156
00,12:50:46.029577,2019-12-22 12:50:49.519962
05,12:50:48.538416,2019-12-22 12:50:52.130011
010,12:50:48.616313,2019-12-22 12:50:52.205807
15,12:50:48.718556,2019-12-22 12:50:52.307541
00,12:50:48.807627,2019-12-22 12:50:52.366384
0,13:21:23.970382,2019-12-22 13:227.587687
010,13:21:23.972375,2019-12-22 13:227.587687
15,13:21:24.105683,2019-12-22 13:227.723322
00,13:21:24.189013,2019-12-22 13:227.804105
05,13:21:24.320665,2019-12-22 13:227.937748
10,13:21:24.476079,2019-12-22 13:228.093332
00,13:21:24.563920,2019-12-22 13:228.175113
05,13:21:29.569274,2019-12-22 13:233.186573
010,13:21:31.615886,2019-12-22 13:235.230590
15,13:21:33.826060,2019-12-22 13:237.438677
00,13:21:33.898433,2019-12-22 13:237.516468
05,13:21:36.788907,2019-12-22 13:240.404237
010,13:21:38.825597,2019-12-22 13:242.440602
15,13:21:41.017086,2019-12-22 13:244.634365
00,13:21:41.095503,2019-12-22 13:244.713151
05,13:21:44.211464,2019-12-22 13:247.577769
010,13:21:48.233918,2019-12-22 13:249.642813
15,13:21:50.133522,2019-12-22 13:251.848202
00,13:21:50.350220,2019-12-22 13:253.948055
05,13:21:53.248874,2019-12-22 13:256.864832
010,13:21:55.465995,2019-12-22 13:258.934424
15,13:21:57.539039,2019-12-22 13:22:01.152808
00,13:21:57.650612,2019-12-22 13:22:01.257529
05,13:22:00.555330,2019-12-22 13:22:04.172929
010,13:22:02.623639,2019-12-22 13:22:06.241919
15,13:22:04.809449,2019-12-22 13:22:08.427364
00,13:22:04.882776,2019-12-22 13:22:08.500167
05,13:22:07.757361,2019-12-22 13:22:11.374501
010,13:22:09.848263,2019-12-22 13:22:13.466010
15,13:22:12.051530,2019-12-22 13:22:15.669005
0,15:13:07.927949,2019-12-22 15:13:10.63403310
20,15:13:07.928854,2019-12-22 15:13:10.92126311
05,15:13:28.744950,2019-12-22 15:13:32.459505
10,15:13:28.891691,2019-12-22 15:13:32.606112
15,15:13:29.039291,2019-12-22 15:13:32.753721
00,15:13:29.112875,2019-12-22 15:13:32.826523
05,15:13:31.772166,2019-12-22 15:13:35.486490
010,15:13:31.900088,2019-12-22 15:13:35.609169
15,15:13:32.040322,2019-12-22 15:13:35.755287
00,15:13:32.115119,2019-12-22 15:13:35.830086
05,15:13:37.143419,2019-12-22 15:13:38.490656010
45,15:13:49.178822,2019-12-22 15:13:40.83537450
05,15:14:11.530083,2019-12-22 15:14:15.243979
010,15:14:11.671826,2019-12-22 15:14:15.386597
15,15:14:11.813981,2019-12-22 15:14:15.528217
00,15:14:11.886656,2019-12-22 15:14:15.601024
05,15:14:14.538346,2019-12-22 15:14:18.253253
10,15:14:14.680804,2019-12-22 15:14:18.395871
15,15:14:14.822911,2019-12-22 15:14:18.535496
00,15:14:14.892453,2019-12-22 15:14:18.607305
05,15:14:19.873073,2019-12-22 15:14:21.268342010
25,15:14:20.287365,2019-12-22 15:14:24.000062
00,15:14:20.397162,2019-12-22 15:14:24.096452
05,15:14:24.319854,2019-12-22 15:14:28.033443
10,15:14:24.465006,2019-12-22 15:14:28.177058
15,15:14:24.856416,2019-12-22 15:14:28.341617
20,15:14:24.858402,2019-12-22 15:14:28.557314
00,15:14:24.957721,2019-12-22 15:14:28.653058
05,15:14:27.613415,2019-12-22 15:14:31.324365
010,15:14:27.753760,2019-12-22 15:14:31.466983
010,10:17:16.254734,2019-12-23 10:17:08.75912015
05,10:17:16.767634,2019-12-23 10:17:17.274985
010,10:17:17.224748,2019-12-23 10:17:17.730927
15,10:17:17.767346,2019-12-23 10:17:18.246115
20,10:17:18.784388,2019-12-23 10:17:19.289014
00,10:17:18.988059,2019-12-23 10:17:19.339877
05,10:17:21.628070,2019-12-23 10:17:22.137559
010,10:17:21.936376,2019-12-23 10:17:22.445117
15,10:17:22.317685,2019-12-23 10:17:22.827097
20,10:17:22.825257,2019-12-23 10:17:23.334739
00,10:17:22.880061,2019-12-23 10:17:23.385753
05,10:17:25.679351,2019-12-23 10:17:26.184826
010,10:17:25.979375,2019-12-23 10:17:26.489007
15,10:17:26.360707,2019-12-23 10:17:26.868347
20,10:17:26.901699,2019-12-23 10:17:27.372298
25,10:17:27.951563,2019-12-23 10:17:28.460980
00,10:17:28.206819,2019-12-23 10:17:28.512850
05,10:17:30.806430,2019-12-23 10:17:31.315936
010,10:17:31.083959,2019-12-23 10:17:31.593725
15,10:17:31.491199,2019-12-23 10:17:31.999752
20,10:17:31.997201,2019-12-23 10:17:32.506395
00,10:17:32.048321,2019-12-23 10:17:32.558257
05,10:17:34.846640,2019-12-23 10:17:35.357134
010,10:17:35.148164,2019-12-23 10:17:35.658328
15,10:17:35.551832,2019-12-23 10:17:36.062248
20,10:17:36.054953,2019-12-23 10:17:36.564418
00,10:17:36.106155,2019-12-23 10:17:36.615280
05,10:17:38.931045,2019-12-23 10:17:39.435170
010,10:17:39.198752,2019-12-23 10:17:39.709322
15,10:17:39.598124,2019-12-23 10:17:40.108256
11,10:35:09.867922,2019-12-23 10:35:10.381674
16,10:35:10.037128,2019-12-23 10:35:10.534264
21,10:35:10.209331,2019-12-23 10:35:10.655937
16,10:35:10.210641,2019-12-23 10:35:10.68087211
06,10:35:37.364913,2019-12-23 10:35:37.885842
11,10:35:37.698020,2019-12-23 10:35:38.169932
16,10:35:39.170366,2019-12-23 10:35:38.45810911
06,10:35:39.663409,2019-12-23 10:35:40.181359
11,10:35:39.945611,2019-12-23 10:35:40.467595
16,10:35:40.259041,2019-12-23 10:35:40.778763
21,10:35:40.753300,2019-12-23 10:35:41.112870
26,10:35:41.332130,2019-12-23 10:35:41.849377
31,10:35:41.589978,2019-12-23 10:35:42.110678
36,10:35:41.900342,2019-12-23 10:35:42.421845
41,10:35:42.217174,2019-12-23 10:35:42.738450
46,10:35:42.554438,2019-12-23 10:35:43.074904
51,10:35:43.442575,2019-12-23 10:35:43.964079
56,10:35:43.844087,2019-12-23 10:35:44.365011
51,10:35:44.085704,2019-12-23 10:35:44.607363
46,10:35:44.220254,2019-12-23 10:35:44.741617
40,10:35:44.355713,2019-12-23 10:35:44.876844
35,10:35:44.490131,2019-12-23 10:35:45.011485
30,10:35:44.597685,2019-12-23 10:35:45.119196
25,10:35:44.703541,2019-12-23 10:35:45.224913
20,10:35:44.838372,2019-12-23 10:35:45.359554
15,10:35:44.946525,2019-12-23 10:35:45.467266
10,10:35:45.073114,2019-12-23 10:35:45.593927
05,10:35:45.212022,2019-12-23 10:35:45.731560
00,10:35:45.350708,2019-12-23 10:35:45.871596
05,10:35:47.123349,2019-12-23 10:35:47.642769
010,10:38:38.361097,2019-12-23 10:38:38.886220
15,10:38:38.525120,2019-12-23 10:38:39.045791
20,10:38:38.667121,2019-12-23 10:38:39.180432
13,10:38:38.730638,2019-12-23 10:38:39.255233
00,10:38:38.759755,2019-12-23 10:38:39.285151
05,10:38:43.744223,2019-12-23 10:38:44.187636
010,10:38:45.816846,2019-12-23 10:38:44.43013515
40,10:38:46.232095,2019-12-23 10:38:46.547706
45,10:38:48.968996,2019-12-23 10:38:46.83693350
15,10:38:48.969499,2019-12-23 10:38:48.357839010
05,10:39:00.202395,2019-12-23 10:39:00.723737
010,10:39:00.466352,2019-12-23 10:39:00.991022
15,10:39:00.734005,2019-12-23 10:39:01.255184
20,10:39:01.022891,2019-12-23 10:39:01.543652
25,10:39:01.330898,2019-12-23 10:39:01.853333
30,10:39:02.027667,2019-12-23 10:39:02.553462
35,10:39:02.270461,2019-12-23 10:39:02.794821
30,10:39:02.818578,2019-12-23 10:39:03.343485
25,10:39:02.960469,2019-12-23 10:39:03.486105
20,10:39:03.079764,2019-12-23 10:39:03.605783
15,10:39:03.222764,2019-12-23 10:39:03.748402
10,10:39:03.341664,2019-12-23 10:39:03.867084
05,10:39:03.483378,2019-12-23 10:39:04.009704
00,10:39:03.602923,2019-12-23 10:39:04.128386
05,10:39:05.308709,2019-12-23 10:39:05.835015
010,10:39:05.568389,2019-12-23 10:39:06.094499
15,10:39:05.876949,2019-12-23 10:39:06.354312
20,10:39:06.114504,2019-12-23 10:39:06.640546
25,10:39:06.401260,2019-12-23 10:39:06.926783
30,10:39:07.061624,2019-12-23 10:39:07.587124
10,10:43:43.261537,2019-12-23 10:43:43.792425
15,10:43:43.652019,2019-12-23 10:43:43.923074
20,10:43:43.771213,2019-12-23 10:43:44.08364511
10,10:43:48.475704,2019-12-23 10:43:48.558971
15,10:43:48.476316,2019-12-23 10:43:48.69760020
06,10:43:51.277675,2019-12-23 10:43:51.763000
11,10:43:52.175175,2019-12-23 10:43:52.07823106
01,10:43:52.512125,2019-12-23 10:43:52.915227
06,10:43:54.951246,2019-12-23 10:43:55.479810
11,10:43:55.288795,2019-12-23 10:43:55.818922
16,10:43:55.653167,2019-12-23 10:43:56.183437
21,10:43:56.052496,2019-12-23 10:43:56.546465
16,10:44:01.752037,2019-12-23 10:43:57.75927811
16,10:44:01.870921,2019-12-23 10:44:01.70601011
06,10:44:07.305444,2019-12-23 10:44:07.836345
01,10:44:10.790276,2019-12-23 10:44:10.56624406
11,10:44:10.963735,2019-12-23 10:44:11.381726
16,10:44:11.306364,2019-12-23 10:44:11.750738
21,10:44:11.655851,2019-12-23 10:44:12.117757
16,10:44:12.669260,2019-12-23 10:44:13.134288
11,10:44:12.838523,2019-12-23 10:44:13.369658
06,10:44:13.046071,2019-12-23 10:44:13.578102
01,10:44:13.253933,2019-12-23 10:44:13.785547
06,10:44:15.967812,2019-12-23 10:44:16.499599
11,10:44:16.310269,2019-12-23 10:44:16.836697
16,10:44:16.669679,2019-12-23 10:44:17.201229
11,10:44:17.217167,2019-12-23 10:44:17.748094
06,10:44:17.452664,2019-12-23 10:44:17.983707
01,10:44:17.633007,2019-12-23 10:44:18.164224
06,10:44:19.371574,2019-12-23 10:44:19.857384
05,08:04:03.957822,2020-01-10 08:04:03.996996
11,08:04:04.219138,2020-01-10 08:04:04.252318
17,08:04:04.661705,2020-01-10 08:04:04.670198
22,08:04:05.176411,2020-01-10 08:04:05.098053
27,08:04:05.523003,2020-01-10 08:04:05.505306
33,08:04:06.729679,2020-01-10 08:04:06.655977
38,08:04:06.914148,2020-01-10 08:04:06.940266
43,08:04:07.211730,2020-01-10 08:04:07.217990
49,08:04:07.660165,2020-01-10 08:04:07.657803
54,08:04:08.070938,2020-01-10 08:04:08.112178
59,08:04:08.473322,2020-01-10 08:04:08.517093
53,08:04:09.603834,2020-01-10 08:04:09.648136
44,08:04:09.927733,2020-01-10 08:04:09.971368
39,08:04:10.048614,2020-01-10 08:04:10.091919
33,08:04:10.186145,2020-01-10 08:04:10.229556
28,08:04:10.362154,2020-01-10 08:04:10.404083
22,08:04:10.467454,2020-01-10 08:04:10.511798
17,08:04:10.642288,2020-01-10 08:04:10.686215
11,08:04:10.748882,2020-01-10 08:04:10.791918
06,08:04:10.883240,2020-01-10 08:04:10.927566
01,08:04:11.022101,2020-01-10 08:04:11.066194
06,08:04:13.578778,2020-01-10 08:04:13.622368
12,08:04:14.010286,2020-01-10 08:04:14.053821
18,08:04:14.427729,2020-01-10 08:04:14.471712
24,08:04:14.818802,2020-01-10 08:04:14.861480
30,08:04:15.256388,2020-01-10 08:04:15.300307
36,08:04:15.666318,2020-01-10 08:04:15.709214
41,08:04:16.731050,2020-01-10 08:04:16.774913
46,08:04:17.136034,2020-01-10 08:04:17.179828
52,08:04:17.521806,2020-01-10 08:04:17.564798
52,08:04:17.526286,2020-01-10 08:04:17.564798
57,08:04:17.918080,2020-01-10 08:04:17.962762
63,08:04:18.449900,2020-01-10 08:04:18.494900
69,08:04:19.578206,2020-01-10 08:04:19.621659
74,08:04:20.088140,2020-01-10 08:04:20.131902
79,08:04:20.587228,2020-01-10 08:04:20.631536
85,08:04:21.088172,2020-01-10 08:04:21.133195
80,08:04:21.795762,2020-01-10 08:04:21.840680
75,08:04:21.902116,2020-01-10 08:04:21.947127
70,08:04:22.030611,2020-01-10 08:04:22.075187
65,08:04:22.127680,2020-01-10 08:04:22.172443
60,08:04:22.238684,2020-01-10 08:04:22.282156
54,08:04:22.352970,2020-01-10 08:04:22.396839
48,08:04:22.474982,2020-01-10 08:04:22.519512
42,08:04:22.579902,2020-01-10 08:04:22.624253
37,08:04:22.697686,2020-01-10 08:04:22.741921
31,08:04:22.812324,2020-01-10 08:04:22.853617
25,08:04:22.934461,2020-01-10 08:04:22.978285
20,08:04:23.034639,2020-01-10 08:04:23.078022
14,08:04:23.154774,2020-01-10 08:04:23.198224
09,08:04:23.262647,2020-01-10 08:04:23.306449
04,08:04:23.366684,2020-01-10 08:04:23.411171
010,08:04:26.873392,2020-01-10 08:04:26.918477
15,08:04:27.197030,2020-01-10 08:04:27.242144
21,08:04:27.572896,2020-01-10 08:04:27.580129
16,08:04:28.951934,2020-01-10 08:04:28.996649
11,08:04:29.605480,2020-01-10 08:04:29.649416
16,08:04:30.270336,2020-01-10 08:04:30.314637
11,08:04:31.182926,2020-01-10 08:04:31.228430
16,08:04:32.235436,2020-01-10 08:04:32.281403
16,08:04:32.237865,2020-01-10 08:04:32.281403
10,08:04:33.325550,2020-01-10 08:04:33.369146
15,08:04:34.194279,2020-01-10 08:04:34.240178
20,08:04:34.666186,2020-01-10 08:04:34.708444
25,08:04:35.726924,2020-01-10 08:04:35.772584
30,08:04:36.026431,2020-01-10 08:04:36.073306
36,08:04:36.473059,2020-01-10 08:04:36.520108
28,08:04:37.058629,2020-01-10 08:04:37.102508
23,08:04:37.205422,2020-01-10 08:04:37.249120
18,08:04:37.365848,2020-01-10 08:04:37.410740
13,08:04:37.507682,2020-01-10 08:04:37.547318
08,08:04:37.685808,2020-01-10 08:04:37.731830
03,08:04:37.790991,2020-01-10 08:04:37.835704
08,08:04:42.913878,2020-01-10 08:04:42.960107
13,08:04:43.330667,2020-01-10 08:04:43.377509
19,08:04:43.712400,2020-01-10 08:04:43.758488
24,08:04:44.718960,2020-01-10 08:04:44.764850
18,08:04:45.550624,2020-01-10 08:04:45.596623
13,08:04:46.550553,2020-01-10 08:04:46.596484
08,08:04:47.767178,2020-01-10 08:04:47.812338
03,08:04:48.064611,2020-01-10 08:04:48.110605
08,08:05:33.533631,2020-01-10 08:05:33.583411
14,08:05:33.953390,2020-01-10 08:05:34.001518
19,08:05:34.406875,2020-01-10 08:05:34.454879
24,08:05:35.383084,2020-01-10 08:05:35.432267
29,08:05:35.612464,2020-01-10 08:05:35.659709
23,08:05:36.643558,2020-01-10 08:05:36.691610
17,08:05:37.751730,2020-01-10 08:05:37.800291
12,08:05:38.064375,2020-01-10 08:05:38.112028
07,08:05:38.594641,2020-01-10 08:05:38.643582
07,08:05:38.597356,2020-01-10 08:05:38.643582
00,08:05:39.690807,2020-01-10 08:05:39.740164
05,08:05:47.410029,2020-01-10 08:05:47.460120
11,08:05:49.320125,2020-01-10 08:05:49.369651
16,08:05:49.721557,2020-01-10 08:05:49.772904
21,08:05:50.128681,2020-01-10 08:05:50.179346
26,08:05:51.737280,2020-01-10 08:05:51.572358
21,08:05:52.961238,2020-01-10 08:05:53.011738
16,08:05:53.616373,2020-01-10 08:05:53.666031
21,08:05:55.500975,2020-01-10 08:05:55.550978
27,08:05:56.361515,2020-01-10 08:05:56.411940
32,08:05:56.613938,2020-01-10 08:05:56.664256
38,08:05:56.968285,2020-01-10 08:05:57.018407
43,08:05:57.343822,2020-01-10 08:05:57.394822
49,08:05:57.710301,2020-01-10 08:05:57.759843
55,08:05:58.778747,2020-01-10 08:05:58.828984
61,08:05:59.257072,2020-01-10 08:05:59.308139
66,08:05:59.765383,2020-01-10 08:05:59.812790
71,08:06:00.265998,2020-01-10 08:06:00.316751
76,08:06:01.717873,2020-01-10 08:06:01.768448
81,08:06:02.218204,2020-01-10 08:06:02.269572
86,08:06:02.730588,2020-01-10 08:06:02.782364
91,08:06:04.228922,2020-01-10 08:06:04.189896
96,08:06:04.574041,2020-01-10 08:06:04.624096
37,08:06:04.835783,2020-01-10 08:06:04.850484
23,08:06:05.008853,2020-01-10 08:06:04.949223
13,08:06:05.034787,2020-01-10 08:06:05.084855
08,08:06:05.179524,2020-01-10 08:06:05.202541
03,08:06:05.349606,2020-01-10 08:06:05.313253
08,08:06:06.216792,2020-01-10 08:06:06.165394
01,00:08:53.818621,2020-02-13 00:08:56.435431
01,00:08:54.066849,2020-02-13 00:08:56.706527
01,00:08:54.300631,2020-02-13 00:08:56.940540
01,00:08:54.560775,2020-02-13 00:08:57.201188
01,00:08:54.887931,2020-02-13 00:08:57.493000
01,00:08:55.092395,2020-02-13 00:08:57.732837
01,00:08:55.348654,2020-02-13 00:08:57.988955
01,00:08:55.616222,2020-02-13 00:08:58.252411
01,00:08:55.896965,2020-02-13 00:08:58.516289
01,00:08:56.137262,2020-02-13 00:08:58.776371
01,00:08:56.404986,2020-02-13 00:08:59.041881
01,00:08:56.671154,2020-02-13 00:08:59.311129
01,00:08:56.958381,2020-02-13 00:08:59.580222
01,00:08:57.211424,2020-02-13 00:08:59.849180
01,00:08:57.489982,2020-02-13 00:09:00.126271
01,00:08:57.811458,2020-02-13 00:09:00.436106
01,00:08:58.032809,2020-02-13 00:09:00.670474
01,00:08:58.306732,2020-02-13 00:09:00.945533
01,00:08:58.886500,2020-02-13 00:09:01.225913
01,00:08:58.936828,2020-02-13 00:09:01.538921
01,00:08:59.127558,2020-02-13 00:09:01.766242
01,00:08:59.397935,2020-02-13 00:09:02.038244
01,00:08:59.673735,2020-02-13 00:09:02.314004
01,00:08:59.963237,2020-02-13 00:09:02.585117
01,00:09:00.226204,2020-02-13 00:09:02.866596
01,00:09:00.494425,2020-02-13 00:09:03.135052
01,00:09:00.790085,2020-02-13 00:09:03.411565
01,00:09:01.043505,2020-02-13 00:09:03.683127
01,00:09:01.314269,2020-02-13 00:09:03.954676
01,00:09:01.605478,2020-02-13 00:09:04.232327
01,00:09:01.605816,2020-02-13 00:09:04.232327
01,00:09:01.869832,2020-02-13 00:09:04.509052
01,00:09:02.141759,2020-02-13 00:09:04.783412
01,00:09:02.435074,2020-02-13 00:09:05.061984
01,00:09:02.701560,2020-02-13 00:09:05.341976
01,00:09:02.966688,2020-02-13 00:09:05.606381
01,00:09:03.257949,2020-02-13 00:09:05.880182
01,00:09:03.511270,2020-02-13 00:09:06.152393
01,00:09:03.795450,2020-02-13 00:09:06.436999
01,00:09:04.082486,2020-02-13 00:09:06.704938
01,00:09:04.336076,2020-02-13 00:09:06.977077
01,00:09:04.611668,2020-02-13 00:09:07.253483
01,00:09:04.897313,2020-02-13 00:09:07.532206
01,00:09:05.220150,2020-02-13 00:09:07.811127
01,00:09:05.483873,2020-02-13 00:09:08.079727
01,00:09:05.767515,2020-02-13 00:09:08.349909
01,00:09:06.018590,2020-02-13 00:09:08.621403
01,00:09:06.283649,2020-02-13 00:09:08.895176
01,00:09:06.648898,2020-02-13 00:09:09.169330
01,00:09:06.805043,2020-02-13 00:09:09.445758
01,00:09:07.150830,2020-02-13 00:09:09.727445
01,00:09:07.514132,2020-02-13 00:09:10.040919
01,00:09:07.663039,2020-02-13 00:09:10.265951
01,00:09:08.020336,2020-02-13 00:09:10.540049
01,00:09:08.185695,2020-02-13 00:09:10.815039
01,00:09:08.476212,2020-02-13 00:09:11.089874
01,00:09:08.820548,2020-02-13 00:09:11.362218
01,00:09:09.084054,2020-02-13 00:09:11.637021
00,00:09:09.289836,2020-02-13 00:09:11.912297
00,00:09:09.550063,2020-02-13 00:09:12.190009
00,00:10:22.118566,2020-02-13 00:10:24.724410
00,00:10:22.371808,2020-02-13 00:10:25.018600
00,00:10:22.642541,2020-02-13 00:10:25.282410
00,00:10:22.858598,2020-02-13 00:10:25.503666
00,00:10:23.137822,2020-02-13 00:10:25.765699
00,00:10:23.381413,2020-02-13 00:10:26.028622
00,00:10:23.636184,2020-02-13 00:10:26.282528
00,00:10:23.893909,2020-02-13 00:10:26.540280
00,00:10:24.162721,2020-02-13 00:10:26.796050
00,00:10:24.406625,2020-02-13 00:10:27.053364
00,00:10:24.666242,2020-02-13 00:10:27.312364
00,00:10:24.923218,2020-02-13 00:10:27.568619
00,00:10:25.200116,2020-02-13 00:10:27.828699
00,00:10:25.440294,2020-02-13 00:10:28.086327
00,00:10:25.696804,2020-02-13 00:10:28.342499
00,00:10:25.958483,2020-02-13 00:10:28.603367
00,00:10:26.234836,2020-02-13 00:10:28.862440
00,00:10:26.471504,2020-02-13 00:10:29.117518
00,00:10:26.729836,2020-02-13 00:10:29.375498
00,00:10:26.985716,2020-02-13 00:10:29.632068
00,00:10:27.249100,2020-02-13 00:10:29.888209
00,00:10:27.497306,2020-02-13 00:10:30.142324
00,00:10:27.797100,2020-02-13 00:10:30.442737
00,00:10:28.016824,2020-02-13 00:10:30.662839
00,00:10:28.293695,2020-02-13 00:10:30.922169
00,00:10:28.531699,2020-02-13 00:10:31.177508
00,00:10:28.792490,2020-02-13 00:10:31.437677
00,00:10:29.060623,2020-02-13 00:10:31.706361
00,00:10:29.323766,2020-02-13 00:10:31.955572
00,00:10:29.574898,2020-02-13 00:10:32.220695
00,00:10:29.575387,2020-02-13 00:10:32.220695
00,00:10:29.874690,2020-02-13 00:10:32.520620
00,00:10:30.100880,2020-02-13 00:10:32.747412
00,00:10:30.372943,2020-02-13 00:10:33.006505
00,00:10:30.620530,2020-02-13 00:10:33.266441
00,00:10:30.886622,2020-02-13 00:10:33.530656
00,00:10:31.154904,2020-02-13 00:10:33.800938
00,00:10:31.427840,2020-02-13 00:10:34.056521
00,00:10:31.671982,2020-02-13 00:10:34.318852
00,00:10:31.936104,2020-02-13 00:10:34.582789
00,00:10:32.195657,2020-02-13 00:10:34.843651
00,00:10:32.480290,2020-02-13 00:10:35.108488
00,00:10:32.725399,2020-02-13 00:10:35.372269
00,00:10:32.990886,2020-02-13 00:10:35.637342
00,00:10:33.252516,2020-02-13 00:10:35.898589
00,00:10:33.528525,2020-02-13 00:10:36.162610
00,00:10:33.784062,2020-02-13 00:10:36.427337
00,00:10:34.047037,2020-02-13 00:10:36.694681
00,00:10:34.313438,2020-02-13 00:10:36.958412
00,00:10:34.606711,2020-02-13 00:10:37.235876
00,00:10:34.843110,2020-02-13 00:10:37.489512
00,00:10:35.114041,2020-02-13 00:10:37.761412
00,00:10:35.375231,2020-02-13 00:10:38.022357
00,00:10:35.654729,2020-02-13 00:10:38.287223
00,00:10:35.910496,2020-02-13 00:10:38.552298
00,00:10:36.170939,2020-02-13 00:10:38.817259
00,00:10:36.433686,2020-02-13 00:10:39.080687
00,00:10:36.707113,2020-02-13 00:10:39.345434
00,00:10:36.963325,2020-02-13 00:10:39.609313
00,00:10:37.229139,2020-02-13 00:10:39.875479
00,00:10:37.229404,2020-02-13 00:10:39.875479
00,00:10:37.497688,2020-02-13 00:10:40.140639
00,00:10:37.774130,2020-02-13 00:10:40.403745
00,00:10:38.022945,2020-02-13 00:10:40.669509
00,00:10:38.285347,2020-02-13 00:10:40.932268
00,00:10:38.597746,2020-02-13 00:10:41.203461
00,00:10:38.831552,2020-02-13 00:10:41.464364
00,00:10:39.080363,2020-02-13 00:10:41.728750
00,00:10:39.343180,2020-02-13 00:10:41.991561
00,00:10:39.606779,2020-02-13 00:10:42.254030
00,00:10:39.885708,2020-02-13 00:10:42.518329
00,00:10:40.135503,2020-02-13 00:10:42.782749
00,00:10:40.398881,2020-02-13 00:10:43.045810
00,00:10:40.664009,2020-02-13 00:10:43.310009
00,00:10:40.944016,2020-02-13 00:10:43.572712
00,00:10:41.187467,2020-02-13 00:10:43.833628
00,00:10:41.449702,2020-02-13 00:10:44.097320
00,00:10:41.715248,2020-02-13 00:10:44.361775
00,00:10:41.991008,2020-02-13 00:10:44.625696
00,00:10:42.237919,2020-02-13 00:10:44.884505
00,00:10:42.501507,2020-02-13 00:10:45.148648
00,00:10:42.764490,2020-02-13 00:10:45.411680
00,00:10:43.035898,2020-02-13 00:10:45.675894
00,00:10:43.289161,2020-02-13 00:10:45.936305
00,00:10:43.565594,2020-02-13 00:10:46.213367
00,00:10:43.823576,2020-02-13 00:10:46.470386
00,00:10:44.104175,2020-02-13 00:10:46.732750
00,00:10:44.347614,2020-02-13 00:10:46.993622
00,00:10:44.608368,2020-02-13 00:10:47.256442
00,00:10:44.871047,2020-02-13 00:10:47.518395
00,00:10:44.871309,2020-02-13 00:10:47.518395
00,00:10:45.149189,2020-02-13 00:10:47.780669
00,00:10:45.397862,2020-02-13 00:10:48.045786
00,00:10:45.661402,2020-02-13 00:10:48.309046
00,00:10:45.925151,2020-02-13 00:10:48.572056
00,00:10:46.210703,2020-02-13 00:10:48.833777
00,00:10:46.449892,2020-02-13 00:10:49.097398
00,00:10:46.721551,2020-02-13 00:10:49.361525
00,00:10:46.979880,2020-02-13 00:10:49.626525
00,00:10:47.279035,2020-02-13 00:10:49.890152
00,00:10:47.510893,2020-02-13 00:10:50.153563
00,00:10:47.820485,2020-02-13 00:10:50.463634
00,00:10:48.041210,2020-02-13 00:10:50.683144
00,00:10:48.316976,2020-02-13 00:10:50.946004
00,00:10:48.577048,2020-02-13 00:10:51.226130
00,00:10:48.828144,2020-02-13 00:10:51.476663
00,00:10:49.172712,2020-02-13 00:10:51.788291
00,00:10:49.362071,2020-02-13 00:10:52.008377
00,00:10:49.624906,2020-02-13 00:10:52.272275
00,00:10:49.889435,2020-02-13 00:10:52.536661
00,00:10:50.170174,2020-02-13 00:10:52.797762
00,00:10:50.415666,2020-02-13 00:10:53.062701
00,00:10:50.679036,2020-02-13 00:10:53.326667
00,00:10:50.943261,2020-02-13 00:10:53.591580
00,00:10:51.224182,2020-02-13 00:10:53.857371
00,00:10:51.475601,2020-02-13 00:10:54.124725
00,00:10:51.738740,2020-02-13 00:10:54.384788
00,00:10:52.004426,2020-02-13 00:10:54.651390
00,00:10:52.284694,2020-02-13 00:10:54.914602
00,00:10:52.591793,2020-02-13 00:10:55.178355
00,00:16:28.874030,2020-02-13 00:16:31.248043
00,00:16:29.106781,2020-02-13 00:16:31.505732
00,00:16:29.366656,2020-02-13 00:16:31.764720
00,00:16:29.688940,2020-02-13 00:16:32.070641
00,00:16:29.883197,2020-02-13 00:16:32.281034
00,00:16:30.139802,2020-02-13 00:16:32.537992
00,00:16:30.395998,2020-02-13 00:16:32.792695
00,00:16:30.668712,2020-02-13 00:16:33.046751
00,00:16:30.914083,2020-02-13 00:16:33.311766
00,00:16:31.159497,2020-02-13 00:16:33.557845
00,00:16:31.414792,2020-02-13 00:16:33.812919
00,00:16:31.678660,2020-02-13 00:16:34.062750
00,00:16:31.923838,2020-02-13 00:16:34.320800
00,00:16:32.180102,2020-02-13 00:16:34.577438
00,00:16:32.431481,2020-02-13 00:16:34.828660
00,00:16:32.695908,2020-02-13 00:16:35.080559
00,00:16:32.938523,2020-02-13 00:16:35.335581
00,00:16:33.462851,2020-02-13 00:16:35.860816
00,00:16:33.732133,2020-02-13 00:16:36.116605
00,00:16:33.973699,2020-02-13 00:16:36.372693
00,00:16:34.232292,2020-02-13 00:16:36.630667
00,00:16:34.490919,2020-02-13 00:16:36.889984
00,00:16:34.749854,2020-02-13 00:16:37.141708
00,00:16:35.002524,2020-02-13 00:16:37.400961
00,00:16:35.256626,2020-02-13 00:16:37.653807
00,00:16:35.515531,2020-02-13 00:16:37.912724
00,00:16:35.790358,2020-02-13 00:16:38.169794
00,00:16:36.032221,2020-02-13 00:16:38.428567
00,00:16:36.289857,2020-02-13 00:16:38.686988
00,00:16:36.548135,2020-02-13 00:16:38.943531
00,00:16:36.548515,2020-02-13 00:16:38.943531
00,00:16:36.823139,2020-02-13 00:16:39.210742
00,00:16:37.065741,2020-02-13 00:16:39.464769
00,00:16:37.390668,2020-02-13 00:16:39.788737
00,00:16:37.592482,2020-02-13 00:16:39.989792
00,00:16:37.871219,2020-02-13 00:16:40.254609
00,00:16:38.112029,2020-02-13 00:16:40.510504
00,00:16:38.380992,2020-02-13 00:16:40.779192
00,00:16:38.636933,2020-02-13 00:16:41.034604
00,00:16:38.899475,2020-02-13 00:16:41.290945
00,00:16:39.201650,2020-02-13 00:16:41.599601
00,00:16:39.414494,2020-02-13 00:16:41.811356
00,00:16:39.677720,2020-02-13 00:16:42.073931
00,00:16:39.943500,2020-02-13 00:16:42.330839
00,00:16:40.199168,2020-02-13 00:16:42.594750
00,00:16:40.480909,2020-02-13 00:16:42.853782
00,00:16:40.721585,2020-02-13 00:16:43.119947
00,00:16:40.987098,2020-02-13 00:16:43.379674
00,00:16:41.244704,2020-02-13 00:16:43.642151
00,00:16:41.506123,2020-02-13 00:16:43.904498
00,00:16:41.768611,2020-02-13 00:16:44.166809
00,00:16:42.051133,2020-02-13 00:16:44.431946
00,00:16:42.345356,2020-02-13 00:16:44.743779
00,00:16:42.560868,2020-02-13 00:16:44.957822
00,00:16:42.843310,2020-02-13 00:16:45.235396
00,00:16:43.087271,2020-02-13 00:16:45.485775
00,00:16:43.343872,2020-02-13 00:16:45.740664
00,00:16:43.607110,2020-02-13 00:16:46.004623
00,00:16:43.887700,2020-02-13 00:16:46.268088
00,00:16:44.126392,2020-02-13 00:16:46.525560
00,00:16:44.126637,2020-02-13 00:16:46.525560
00,00:16:44.388815,2020-02-13 00:16:46.786710
00,00:16:44.650041,2020-02-13 00:16:47.047566
00,00:16:44.929151,2020-02-13 00:16:47.306164
00,00:16:45.168594,2020-02-13 00:16:47.567178
00,00:16:45.480448,2020-02-13 00:16:47.877516
00,00:16:45.694079,2020-02-13 00:16:48.090857
00,00:16:46.025494,2020-02-13 00:16:48.404964
00,00:16:46.216908,2020-02-13 00:16:48.614843
00,00:16:46.476077,2020-02-13 00:16:48.875024
00,00:16:46.738516,2020-02-13 00:16:49.136701
00,00:16:47.025895,2020-02-13 00:16:49.405928
00,00:16:47.265502,2020-02-13 00:16:49.660764
00,00:16:47.522448,2020-02-13 00:16:49.921165
00,00:16:47.784750,2020-02-13 00:16:50.182334
00,00:16:48.059011,2020-02-13 00:16:50.440697
00,00:16:48.309030,2020-02-13 00:16:50.705085
00,00:16:48.570781,2020-02-13 00:16:50.968465
00,00:16:48.839293,2020-02-13 00:16:51.233082
00,00:16:49.111542,2020-02-13 00:16:51.494595
00,00:16:49.363825,2020-02-13 00:16:51.755816
00,00:16:49.676497,2020-02-13 00:16:52.070782
00,00:16:49.885841,2020-02-13 00:16:52.284296
00,00:16:50.179072,2020-02-13 00:16:52.557992
00,00:16:50.411622,2020-02-13 00:16:52.809828
00,00:16:50.676352,2020-02-13 00:16:53.074381
00,00:16:50.939347,2020-02-13 00:16:53.335162
00,00:16:51.222140,2020-02-13 00:16:53.603190
00,00:16:51.463460,2020-02-13 00:16:53.858735
00,00:16:51.724637,2020-02-13 00:16:54.120689
00,00:30:40.166871,2020-02-13 00:30:42.487089
00,00:30:40.376915,2020-02-13 00:30:42.723485
00,00:30:40.633440,2020-02-13 00:30:42.979800
00,00:30:40.892928,2020-02-13 00:30:43.239106
00,00:30:41.170038,2020-02-13 00:30:43.493429
00,00:30:41.400143,2020-02-13 00:30:43.746345
00,00:30:41.667256,2020-02-13 00:30:44.013630
00,00:30:41.953022,2020-02-13 00:30:44.296386
00,00:30:42.168174,2020-02-13 00:30:44.514803
00,00:30:42.420274,2020-02-13 00:30:44.766132
00,00:30:42.679520,2020-02-13 00:30:45.025438
00,00:30:42.955762,2020-02-13 00:30:45.282329
00,00:30:43.216660,2020-02-13 00:30:45.561881
00,00:30:43.442191,2020-02-13 00:30:45.787629
00,00:30:43.700810,2020-02-13 00:30:46.046935
00,00:30:43.962928,2020-02-13 00:30:46.295270
00,00:30:44.212824,2020-02-13 00:30:46.559078
00,00:30:44.462517,2020-02-13 00:30:46.807941
00,00:30:44.710694,2020-02-13 00:30:47.057285
00,00:30:44.985370,2020-02-13 00:30:47.317641
00,00:30:45.267741,2020-02-13 00:30:47.613854
00,00:30:45.487193,2020-02-13 00:30:47.832266
00,00:30:45.739234,2020-02-13 00:30:48.085588
00,00:30:46.034174,2020-02-13 00:30:48.365880
00,00:30:46.248862,2020-02-13 00:30:48.594863
00,00:30:46.495890,2020-02-13 00:30:48.842202
00,00:30:46.758159,2020-02-13 00:30:49.100511
00,00:30:47.026314,2020-02-13 00:30:49.355829
00,00:30:47.258589,2020-02-13 00:30:49.601689
00,00:30:47.558636,2020-02-13 00:30:49.900893
00,00:30:47.558927,2020-02-13 00:30:49.900893
00,00:30:47.778782,2020-02-13 00:30:50.123852
00,00:30:48.034820,2020-02-13 00:30:50.375481
00,00:30:48.285896,2020-02-13 00:30:50.629802
00,00:30:48.544621,2020-02-13 00:30:50.886116
00,00:30:48.795590,2020-02-13 00:30:51.140436
00,00:30:49.063576,2020-02-13 00:30:51.395380
00,00:30:49.306614,2020-02-13 00:30:51.650708
00,00:30:49.602222,2020-02-13 00:30:51.948789
00,00:30:49.818065,2020-02-13 00:30:52.163214
00,00:30:50.088819,2020-02-13 00:30:52.418532
00,00:30:50.331734,2020-02-13 00:30:52.677839
00,00:30:50.591985,2020-02-13 00:30:52.937769
00,00:30:50.847486,2020-02-13 00:30:53.194328
00,00:30:51.120503,2020-02-13 00:30:53.449615
00,00:30:51.362030,2020-02-13 00:30:53.708923
00,00:30:51.665463,2020-02-13 00:30:54.011118
00,00:30:51.887161,2020-02-13 00:30:54.233521
00,00:30:52.151105,2020-02-13 00:30:54.484869
00,00:30:52.393617,2020-02-13 00:30:54.740673
00,00:30:52.645754,2020-02-13 00:30:54.992995
00,00:30:52.910532,2020-02-13 00:30:55.255295
00,00:30:53.171294,2020-02-13 00:30:55.504629
00,00:30:53.462127,2020-02-13 00:30:55.808234
00,00:30:53.671821,2020-02-13 00:30:56.018126
00,00:30:53.946084,2020-02-13 00:30:56.292261
00,00:30:54.205349,2020-02-13 00:30:56.538604
00,00:30:54.449263,2020-02-13 00:30:56.795918
00,00:30:54.705611,2020-02-13 00:30:57.053229
00,00:30:54.974482,2020-02-13 00:30:57.321511
00,09:02:57.066644,2020-02-13 09:03:00.471029
00,09:02:57.291225,2020-02-13 09:03:00.722063
00,09:02:57.551888,2020-02-13 09:03:00.981686
00,09:02:57.820122,2020-02-13 09:03:01.249846
00,09:02:58.109255,2020-02-13 09:03:01.502840
00,09:02:58.341942,2020-02-13 09:03:01.772025
00,09:02:58.590740,2020-02-13 09:03:02.019101
00,09:02:58.848029,2020-02-13 09:03:02.277043
00,09:02:59.136604,2020-02-13 09:03:02.535906
00,09:02:59.357011,2020-02-13 09:03:02.787037
00,09:02:59.612971,2020-02-13 09:03:03.043886
00,09:02:59.867221,2020-02-13 09:03:03.296941
00,09:03:00.154758,2020-02-13 09:03:03.554846
00,09:03:00.419302,2020-02-13 09:03:03.850116
00,09:03:00.675210,2020-02-13 09:03:04.106183
00,09:03:00.895572,2020-02-13 09:03:04.325750
00,09:03:02.182427,2020-02-13 09:03:04.579880
00,09:03:04.187500,2020-02-13 09:03:04.84401300
00,09:03:06.204758,2020-02-13 09:03:05.64705700
00,09:03:08.223423,2020-02-13 09:03:07.71277300
00,09:03:10.241106,2020-02-13 09:03:09.76109300
00,09:03:12.259018,2020-02-13 09:03:11.59138300
00,09:03:14.276776,2020-02-13 09:03:13.69339000
00,09:03:16.287619,2020-02-13 09:03:15.79212300
00,09:03:17.293835,2020-02-13 09:03:17.89188800
00,09:03:18.303033,2020-02-13 09:03:19.73477800
00,09:03:19.313408,2020-02-13 09:03:20.82697100
00,09:03:20.329806,2020-02-13 09:03:21.83103200
00,09:03:21.339410,2020-02-13 09:03:22.87757500
00,09:03:22.350848,2020-02-13 09:03:23.92591800
00,09:03:22.351289,2020-02-13 09:03:23.92591800
00,09:03:23.371320,2020-02-13 09:03:24.97920700
00,09:03:23.386951,2020-02-13 09:03:25.81179800
00,09:03:23.413538,2020-02-13 09:03:26.828037
00,09:03:23.653656,2020-02-13 09:03:27.084141
00,09:03:23.916415,2020-02-13 09:03:27.347491
00,09:03:24.177643,2020-02-13 09:03:27.607981
00,09:03:24.475236,2020-02-13 09:03:27.875509
00,09:03:24.710878,2020-02-13 09:03:28.141879
00,09:03:24.966529,2020-02-13 09:03:28.397903
00,09:03:25.229245,2020-02-13 09:03:28.661064
00,09:03:25.528192,2020-02-13 09:03:28.928948
00,09:03:25.766205,2020-02-13 09:03:29.196874
00,09:03:26.020552,2020-02-13 09:03:29.452002
00,09:03:26.281791,2020-02-13 09:03:29.713277
00,09:03:26.579257,2020-02-13 09:03:29.978258
00,09:03:26.810794,2020-02-13 09:03:30.241828
00,09:03:27.073963,2020-02-13 09:03:30.505664
00,09:03:27.335208,2020-02-13 09:03:30.766923
00,09:03:27.610127,2020-02-13 09:03:31.030344
00,09:03:27.862644,2020-02-13 09:03:31.291897
00,09:03:28.130143,2020-02-13 09:03:31.555021
00,09:03:28.401556,2020-02-13 09:03:31.818789
00,09:03:28.670661,2020-02-13 09:03:32.080918
00,09:03:28.926693,2020-02-13 09:03:32.345357
00,09:03:29.178370,2020-02-13 09:03:32.608098
00,09:03:29.440350,2020-02-13 09:03:32.870830
00,09:03:29.721070,2020-02-13 09:03:33.138168
00,09:03:29.964566,2020-02-13 09:03:33.396424
00,09:03:30.230220,2020-02-13 09:03:33.662062
00,09:03:30.230502,2020-02-13 09:03:33.662062
00,09:03:30.490584,2020-02-13 09:03:33.922049
00,09:03:30.768096,2020-02-13 09:03:34.197093
00,09:03:31.021517,2020-02-13 09:03:34.449878
00,09:03:31.281230,2020-02-13 09:03:34.711185
00,09:03:31.542593,2020-02-13 09:03:34.971857
00,09:03:31.836386,2020-02-13 09:03:35.237096
00,09:03:32.064717,2020-02-13 09:03:35.495463
00,09:03:32.330442,2020-02-13 09:03:35.762123
00,09:03:32.589398,2020-02-13 09:03:36.019665
00,09:03:32.886342,2020-02-13 09:03:36.286069
00,09:03:33.113964,2020-02-13 09:03:36.544076
00,09:03:33.376124,2020-02-13 09:03:36.807951
00,09:03:33.634744,2020-02-13 09:03:37.065844
00,09:03:33.934411,2020-02-13 09:03:37.332479
00,09:03:34.159088,2020-02-13 09:03:37.590842
00,09:03:34.424907,2020-02-13 09:03:37.855314
00,09:03:34.689237,2020-02-13 09:03:38.119213
00,09:03:34.980937,2020-02-13 09:03:38.382280
00,09:03:35.212752,2020-02-13 09:03:38.644093
00,09:03:35.483215,2020-02-13 09:03:38.914228
00,09:03:35.742255,2020-02-13 09:03:39.172115
00,09:03:36.038636,2020-02-13 09:03:39.439829
00,09:03:36.277448,2020-02-13 09:03:39.708109
00,09:03:36.540532,2020-02-13 09:03:39.970369
00,09:03:36.800584,2020-02-13 09:03:40.230901
00,09:03:37.091760,2020-02-13 09:03:40.494285
00,09:03:37.325789,2020-02-13 09:03:40.756948
00,09:03:37.589423,2020-02-13 09:03:41.020312
00,09:03:37.850386,2020-02-13 09:03:41.281936
00,09:09:31.676669,2020-02-13 09:09:33.886252
00,09:09:31.942305,2020-02-13 09:09:34.174609
00,09:09:32.200149,2020-02-13 09:09:34.434277
00,09:09:32.497000,2020-02-13 09:09:34.715525
00,09:09:32.756906,2020-02-13 09:09:34.990313
00,09:09:33.041384,2020-02-13 09:09:35.275550
00,09:09:33.318222,2020-02-13 09:09:35.536850
00,09:09:33.657660,2020-02-13 09:09:35.889907
00,09:09:33.852951,2020-02-13 09:09:36.087440
00,09:09:34.150005,2020-02-13 09:09:36.369124
00,09:09:34.398501,2020-02-13 09:09:36.633674
00,09:09:34.672057,2020-02-13 09:09:36.904952
00,09:09:34.981255,2020-02-13 09:09:37.185203
00,09:09:36.225310,2020-02-13 09:09:37.458473
00,09:09:37.228945,2020-02-13 09:09:37.72840300
00,09:09:38.246072,2020-02-13 09:09:38.54429300
00,09:09:39.256384,2020-02-13 09:09:39.63958400
00,09:09:40.266596,2020-02-13 09:09:40.74092900
00,09:09:41.276329,2020-02-13 09:09:41.64251800
00,09:09:42.286606,2020-02-13 09:09:42.67157600
00,09:09:43.304269,2020-02-13 09:09:43.78965700
00,09:09:44.322527,2020-02-13 09:09:44.62514900
00,09:09:45.339353,2020-02-13 09:09:45.73948500
00,09:09:46.357459,2020-02-13 09:09:46.72367000
00,09:09:47.374087,2020-02-13 09:09:47.69000400
00,09:09:48.390485,2020-02-13 09:09:48.66173000
00,09:09:49.410332,2020-02-13 09:09:49.64216600
00,09:09:50.430928,2020-02-13 09:09:50.92273500
00,09:09:51.453202,2020-02-13 09:09:51.89015200
00,09:09:52.462028,2020-02-13 09:09:52.85815900
